form	lemma	POS	morph
		
གསུམ་པ་	གསུམ་པ་	NUM
འོད་བྱེད་པ་	འོད་བྱེད་པ་	NO_POS
བཤད་པ་	བཤད་པ་	VERB
ལ་	ལ་	PART
།		PUNCT
ཁྱད་	ཁྱད་	NOUN
གཞི་	གཞི་	NOUN
ས་	ས་	ADP
འི་	གི་	PART
ངོ་བོ་	ངོ་བོ་	NOUN
མདོ་	མདོ་	NOUN
ར་	ལ་	PART
བསྟན་	བསྟན་	VERB
།		PUNCT
ཁྱད་ཆོས་	ཁྱད་ཆོས་	NOUN
ས་	ས་	ADP
འི་	གི་	PART
ཡོན་ཏན་	ཡོན་ཏན་	NOUN
རྒྱས་པ་	རྒྱས་པ་	VERB
ར་	ལ་	PART
བཤད་	བཤད་	VERB
།		PUNCT
ས་	ས་	ADP
འི་	གི་	PART
ཡོན་ཏན་	ཡོན་ཏན་	NOUN
བརྗོད་	བརྗོད་	VERB
དེ་	སྟེ་	PART
མཇུག་	མཇུག་	NOUN
བསྡུ་བ་	བསྡུ་བ་	VERB
འོ་	གོ་	PART
།།		PUNCT
དང་པོ་	དང་པོ་	ADJ
ནི་	ནི་	NO_POS
།		PUNCT
		
ད་ནི་	ད་ནི་	NO_POS
སེམས་བསྐྱེད་པ་	སེམས་བསྐྱེད་པ་	NOUN
གསུམ་པ་	གསུམ་པ་	NUM
འི་	གི་	PART
དབང་	དབང་	NOUN
དུ་	ལ་	PART
བྱ་	བྱ་	VERB
ན་	ནས་	PART
།		PUNCT
ཤེས་བྱ་	ཤེས་བྱ་	VERB
འི་	གི་	PART
བུད་ཤིང་	བུད་ཤིང་	NOUN
མ་	མ་	PART
ལུས་	ལུས་	NOUN
སྲེག་པ་	སྲེག་པ་	VERB
འི་	གི་	PART
མེ་	མེ་	NOUN
།།		PUNCT
འོད་	འོད་	NOUN
འབྱུང་	འབྱུང་	VERB
ཕྱི་	ཕྱི་	OTHER
ན་	ལ་	PART
ས་	ས་	ADP
ནི་	ནི་	NO_POS
གསུམ་པ་	གསུམ་པ་	NUM
འདི་	འདི་	DET
།།		PUNCT
འོད་བྱེད་པ་	འོད་བྱེད་པ་	NO_POS
སྟེ་	སྟེ་	PART
ཞེ་	ཅེས་	PART
བྱ་བ་	བྱ་བ་	VERB
སྨོས་	སྨོས་	VERB
སོ་	གོ་	PART
། །		PUNCT
འོད་བྱེད་པ་	འོད་བྱེད་པ་	NO_POS
སྟེ་	སྟེ་	PART
ཞེ་	ཅེས་	PART
བྱ་བ་	བྱ་བ་	VERB
ནི་	ནི་	NO_POS
བྱང་ཆུབ་	བྱང་ཆུབ་	NOUN
སེམས་དཔ་	སེམས་དཔའ་	NOUN
འི་	གི་	PART
ས་	ས་	ADP
གསུམ་པ་	གསུམ་པ་	NUM
འི་	གི་	PART
མིང་	མིང་	NOUN
ངོ་	གོ་	PART
། །		PUNCT
ཡང་	ཀྱང་	PART
འདི་	འདི་	DET
ཅིའི་ཕྱིར་	ཅིའི་ཕྱིར་	NO_POS
འོད་བྱེད་པ་	འོད་བྱེད་པ་	NO_POS
ཡིན་	ཡིན་	NO_POS
ཞེ་ན་	ཅེ་ན་	PART
།		PUNCT
དོན་	དོན་	NOUN
དང་	དང་	NO_POS
མཐུན་པ་	མཐུན་པ་	VERB
ཉིད་	ཉིད་	DET
སྟོན་པ་	སྟོན་པ་	NOUN
ར་	ལ་	PART
བྱེད་	བྱེད་	VERB
དོ་	གོ་	PART
།		PUNCT
དེ་	དེ་	DET
འི་	གི་	PART
ཚེ་	ཚེ་	NOUN
ཤེས་བྱ་	ཤེས་བྱ་	VERB
འི་	གི་	PART
བུད་ཤིང་	བུད་ཤིང་	NOUN
མ་ལུས་པ་	མ་ལུས་པ་	OTHER
སྲེག་པ་	སྲེག་པ་	VERB
འི་	གི་	PART
ཡེ་ཤེས་	ཡེ་ཤེས་	NOUN
ཀྱི་	གི་	PART
མེ་	མེ་	NOUN
ཞི་བ་	ཞི་བ་	VERB
འི་	གི་	PART
བདག་ཉིད་	བདག་ཉིད་	NOUN
ཅན་	ཅན་	PART
གྱི་	གི་	PART
འོད་	འོད་	NOUN
འབྱུང་བ་	འབྱུང་བ་	VERB
འི་	གི་	PART
ཕྱི་	ཕྱི་	OTHER
ས་	ས་	ADP
འདི་	འདི་	DET
ལ་	ལ་	PART
བྱེད་པ་	བྱེད་པ་	VERB
ཞེ་	ཅེས་	PART
བཤད་	བཤད་	VERB
དོ་	གོ་	PART
།།		PUNCT
སེམས་	སེམས་	NOUN
གསུམ་པ་	གསུམ་པ་	NUM
བསྐྱེད་པ་	བསྐྱེད་པ་	VERB
འི་	གི་	PART
བདེ་གཤེགས་	བདེ་གཤེགས་	NOUN
སྲ་	སྲ་	NOUN
དེ་	སྟེ་	PART
ལ་	ལ་	PART
།།		PUNCT
དེ་	སྟེ་	PART
ཚེ་	ཚེ་	NOUN
ཉི་	ཉི་	NUM
ལྟ་	ལྟ་	OTHER
ཟངས་	ཟངས་	NOUN
འདྲ་	འདྲ་	VERB
འི་	གི་	PART
སྣང་བ་	སྣང་བ་	VERB
འབྱུང་	འབྱུང་	VERB
།།		PUNCT
		
ཇི་ལྟ་		
ཉི་མ་	ཉི་མ་	NOUN
ཤར་བ་	ཤར་བ་	VERB
འི་	གི་	PART
གནས་སྐབས་	གནས་སྐབས་	NOUN
ཀྱི་	གི་	PART
སྔ་རོལ་	སྔ་རོལ་	NOUN
དུ་	ལ་	PART
ཟངས་	ཟངས་	NOUN
ལྟ་བུ་	ལྟ་བུ་	NOUN
འི་	གི་	PART
སྣང་བ་	སྣང་བ་	VERB
འབྱུང་བ་	འབྱུང་བ་	VERB
ལྟ་	ལྟ་	OTHER
།		PUNCT
དེ་བཞིན་	དེ་བཞིན་	OTHER
དུ་	ལ་	PART
བྱང་ཆུབ་	བྱང་ཆུབ་	NOUN
སེམས་དཔའ་	སེམས་དཔའ་	NOUN
ལ་	ལ་	PART
ཡང་	ཀྱང་	PART
དེ་	དེ་	DET
ར་	ལ་	PART
ཡེ་ཤེས་	ཡེ་ཤེས་	NOUN
ཀྱི་	གི་	PART
སྣང་བ་	སྣང་བ་	VERB
འབྱུང་	འབྱུང་	VERB
ངོ་	གོ་	PART
།།		PUNCT
		
གཉིས་པ་	གཉིས་པ་	NUM
ཁྱད་ཆོས་	ཁྱད་ཆོས་	NOUN
ས་	ས་	ADP
འི་	གི་	PART
ཡོན་ཏན་	ཡོན་ཏན་	NOUN
རྒྱས་པ་	རྒྱས་པ་	VERB
ར་	ལ་	PART
བཤད་པ་	བཤད་པ་	VERB
ལ་	ལ་	PART
།		PUNCT
བཟོད་པ་	བཟོད་པ་	VERB
འི་	གི་	PART
ཕར་ཕྱིན་	ཕར་ཕྱིན་	NOUN
གྱི་	གི་	PART
ཡོན་ཏན་	ཡོན་ཏན་	NOUN
བསྟན་པ་	བསྟན་པ་	VERB
དང་	དང་	NO_POS
།		PUNCT
སྤངས་རྟོགས་	སྤངས་རྟོགས་	NO_POS
ཕྲིན་ལས་	ཕྲིན་ལས་	NOUN
ཀྱི་	གི་	PART
ཡོན་ཏན་	ཡོན་ཏན་	NOUN
གཞན་	གཞན་	DET
བསྟན་པ་	བསྟན་པ་	VERB
དང་	དང་	NO_POS
།		PUNCT
ཕར་ཕྱིན་	ཕར་ཕྱིན་	NOUN
གྱི་	གི་	PART
རྟེན་	རྟེན་	NOUN
དང་	དང་	NO_POS
ཚོགས་	ཚོགས་	NOUN
དང་	དང་	NO_POS
འབྲས་བུ་	འབྲས་བུ་	NOUN
འི་	གི་	PART
རྣམ་གཞག་	རྣམ་གཞག་	NOUN
གཞན་	གཞན་	DET
བསྟན་པ་	བསྟན་པ་	VERB
འོ་	གོ་	PART
། །		PUNCT
དང་པོ་	དང་པོ་	ADJ
ལ་	ལ་	PART
།		PUNCT
ས་	ས་	ADP
དེ་	དེ་	DET
ར་	ལ་	PART
བཟོད་པ་	བཟོད་པ་	VERB
འི་	གི་	PART
ཕར་ཕྱིན་	ཕར་ཕྱིན་	NOUN
ལྷག་པ་		
བསྟན་	བསྟན་	VERB
།		PUNCT
ཞ་	ཞ་	NOUN
ལ་	ལ་	PART
བཟོད་པ་	བཟོད་པ་	VERB
འི་	གི་	PART
བསྔགས་པ་	བསྔགས་པ་	VERB
བཤད་	བཤད་	VERB
།		PUNCT
འཇིག་རྟེན་	འཇིག་རྟེན་	NOUN
ལ་	ལ་	ADP
ས་	གིས་	PART
འདའ་	འདའ་	VERB
མ་	མ་	PART
འདའ་	འདའ་	VERB
ཀྱི་	གི་	PART
རྣམ་དབྱེ་	རྣམ་དབྱེ་	OTHER
བསྟན་པ་	བསྟན་པ་	VERB
འོ་	གོ་	PART
། །		PUNCT
དང་པོ་	དང་པོ་	ADJ
ལ་	ལ་	PART
།		PUNCT
སྙིང་རྗེ་	སྙིང་རྗེ་	NOUN
ས་	གིས་	PART
བཟོད་པ་	བཟོད་པ་	VERB
དང་	དང་	NO_POS
།		PUNCT
ཤེས་རབ་	ཤེས་རབ་	NOUN
ཀྱིས་	གིས་	PART
བཟོད་པ་	བཟོད་པ་	VERB
འོ་	གོ་	PART
། །		PUNCT
དང་པོ་	དང་པོ་	ADJ
ནི་	ནི་	NO_POS
།		PUNCT
		
ཡེ་ཤེས་	ཡེ་ཤེས་	NOUN
ཀྱི་	གི་	PART
སྣང་བ་	སྣང་བ་	VERB
དེ་ལྟ་	དེ་ལྟ་	NO_POS
བུ་	བུ་	NOUN
རྙེད་པ་	རྙེད་པ་	VERB
འི་	གི་	PART
བྱང་ཆུབ་	བྱང་ཆུབ་	NOUN
སེམས་དཔའ་	སེམས་དཔའ་	NOUN
དེ་	སྟེ་	PART
ལ་	ལ་	PART
།		PUNCT
བཟོད་པ་	བཟོད་པ་	VERB
འི་	གི་	PART
ཕ་རོལ་	ཕ་རོལ་	NOUN
ཏུ་	ལ་	PART
ཕྱིན་པ་	ཕྱིན་པ་	VERB
ལྷག་པ་	ལྷག་པ་	VERB
ཉིད་	ཉིད་	DET
དུ་	ལ་	PART
བསྟན་པ་	བསྟན་པ་	VERB
འི་	གི་	PART
ཕྱི་	ཕྱི་	OTHER
།		PUNCT
གལ་ཏེ་	གལ་ཏེ་	NO_POS
གནས་མིན་	གནས་མིན་	NO_POS
འཁྲུགས་པ་	འཁྲུགས་པ་	VERB
འགའ་	འགའ་	DET
ཡི་	གིས་	PART
དེ་	དེ་	DET
འི་	གི་	PART
།།		PUNCT
ལུས་	ལུས་	NOUN
ལ་	ལ་	ADP
ས་	གིས་	PART
ཤ་	ཤ་	NOUN
ནི་	ནི་	NO_POS
རུས་	རུས་	NOUN
བཅའ་	བཅའ་	VERB
ཡུན་རིང་	ཡུན་རིང་	NOUN
དུ་	ལ་	PART
།།		PUNCT
སྲང་	སྲང་	NOUN
རེ་རེ་	རེ་རེ་	DET
ན་	ནས་	PART
བཅད་པ་	བཅད་པ་	VERB
ར་	ལ་	PART
གྱུར་	གྱུར་	VERB
ཀྱང་	ཀྱང་	PART
དེ་	དེ་	DET
འི་	གི་	PART
།།		PUNCT
བཟོད་པ་	བཟོད་པ་	VERB
གཅོད་པ་	གཅོད་པ་	VERB
ར་	ལ་	PART
བྱེད་	བྱེད་	VERB
ལ་	ལ་	PART
ལྷག་པ་		
སྐྱེ་	སྐྱེ་	NOUN
།		PUNCT
		
།		PUNCT
ཞེ་	ཅེས་	PART
བྱ་བ་	བྱ་བ་	VERB
སྨོས་	སྨོས་	VERB
སོ་	གོ་	PART
།།		PUNCT
བྱང་ཆུབ་	བྱང་ཆུབ་	NOUN
སེམས་དཔའ་	སེམས་དཔའ་	NOUN
ནི་	ནི་	NO_POS
གཞན་	གཞན་	DET
གྱི་	གི་	PART
སེམས་	སེམས་	NOUN
རྗེས་སུ་	རྗེས་སུ་	OTHER
བསྲུང་བ་	བསྲུང་བ་	VERB
ཉིད་	ཉིད་	DET
ཀྱི་	གི་	PART
ཕྱི་	ཕྱི་	OTHER
དང་	དང་	NO_POS
།		PUNCT
དེ་ལྟ་	དེ་ལྟ་	NO_POS
བུ་	བུ་	NOUN
འི་	གི་	PART
ཡེ་ཤེས་	ཡེ་ཤེས་	NOUN
ཡོད་པ་	ཡོད་པ་	VERB
འི་	གི་	PART
ཕྱི་	ཕྱི་	OTHER
།		PUNCT
གང་	གང་	NO_POS
གིས་	གིས་	PART
གཞན་དག་	གཞན་དག་	NO_POS
གི་	གི་	PART
མནར་སེམས་	མནར་སེམས་	NO_POS
ཀྱི་	གི་	PART
གཞི་	གཞི་	NOUN
དུས་གསུམ་	དུས་གསུམ་	OTHER
གྱི་	གི་	PART
དོན་	དོན་	NOUN
མ་ཡིན་པ་	མ་ཡིན་པ་	OTHER
དོགས་པ་	དོགས་པ་	VERB
ཅན་	ཅན་	PART
དུ་	ལ་	PART
འགྱུར་བ་	འགྱུར་བ་	VERB
དེ་ལྟ་	དེ་ལྟ་	NO_POS
བུ་	བུ་	NOUN
འི་	གི་	PART
རང་བཞིན་	རང་བཞིན་	NOUN
གྱི་	གི་	PART
ལུས་	ལུས་	NOUN
དང་	དང་	NO_POS
ངག་	ངག་	NOUN
དང་	དང་	NO_POS
ཡིད་	ཡིད་	NOUN
འཇུག་པ་	འཇུག་པ་	VERB
ར་	ལ་	PART
མངོན་དུ་	མངོན་དུ་	NO_POS
བྱེད་པ་	བྱེད་པ་	VERB
མ་	མ་	PART
ཡིན་	ཡིན་	NO_POS
ཏེ་	སྟེ་	PART
།		PUNCT
དེ་	དེ་	DET
འི་	གི་	PART
ཕྱི་	ཕྱི་	OTHER
ན་	ལ་	PART
།		PUNCT
གལ་ཏེ་	གལ་ཏེ་	NO_POS
གནས་མིན་	གནས་མིན་	NO_POS
འཁྲུགས་པ་	འཁྲུགས་པ་	VERB
འགའ་	འགའ་	DET
ཡི་	གིས་	PART
དེ་	དེ་	DET
འི་	གི་	PART
། །		PUNCT
ཞེ་	ཅེས་	PART
ཁྱད་པར་	ཁྱད་པར་	NOUN
དུ་	ལ་	PART
བྱ་	བྱ་	VERB
སོ་	གོ་	PART
།།		PUNCT
གལ་ཏེ་	གལ་ཏེ་	NO_POS
རྣམ་པ་	རྣམ་པ་	NOUN
དེ་ལྟ་	དེ་ལྟ་	NO_POS
བུ་	བུ་	NOUN
འི་	གི་	PART
སེམས་ཅན་	སེམས་ཅན་	NOUN
གྱིས་	གིས་	PART
བྱང་ཆུབ་	བྱང་ཆུབ་	NOUN
སེམས་དཔའ་	སེམས་དཔའ་	NOUN
དེ་	དེ་	DET
འི་	གི་	PART
ལུས་	ལུས་	NOUN
ལ་	ལ་	ADP
ས་	གིས་	PART
ཤ་རུས་་	ཤ་རུས་པ་	NOUN
དང་	དང་	NO_POS
བཅས་པ་	བཅས་པ་	VERB
སྲང་	སྲང་	NOUN
རེ་རེ་	རེ་རེ་	DET
ན་	ནས་	PART
སྡོད་	སྡོད་	VERB
ཅིང་	ཅིང་	PART
སྡོད་	སྡོད་	VERB
ཅིང་	ཅིང་	PART
ཡུན་རིང་པོ་	ཡུན་རིང་པོ་	NOUN
ར་	ལ་	PART
གཅོད་	གཅོད་	NO_POS
ཀྱང་	ཀྱང་	PART
།		PUNCT
རྣམ་པ་	རྣམ་པ་	NOUN
དེ་ལྟ་	དེ་ལྟ་	NO_POS
བུ་	བུ་	NOUN
འི་	གི་	PART
གཅོད་པ་	གཅོད་པ་	VERB
ར་	ལ་	PART
བྱེད་པ་པོ་	བྱེད་པ་པོ་	NOUN
ལ་	ལ་	PART
སེམས་	སེམས་	NOUN
ཁོང་	ཁོང་	PRON
ན་	ནས་	PART
འཁྲུགས་པ་	འཁྲུགས་པ་	VERB
ཉིད་	ཉིད་	DET
དུ་	ལ་	PART
མི་འགྱུར་བ་	མི་འགྱུར་བ་	NO_POS
འབའ་ཞིག་	འབའ་ཞིག་	NO_POS
ཏུ་	ལ་	PART
མ་ཟད་	མ་ཟད་	NO_POS
ཀྱི་	གི་	PART
།		PUNCT
སྡིག་པ་	སྡིག་པ་	VERB
འི་	གི་	PART
ལ་	ལ་	ADP
ས་	གིས་	PART
དེ་	དེ་	DET
འི་	གི་	PART
རྐྱེན་	རྐྱེན་	NOUN
ཅན་	ཅན་	PART
དམྱལ་བ་	དམྱལ་བ་	NOUN
འི་	གི་	PART
སྡུག་བསྔལ་	སྡུག་བསྔལ་	NOUN
ལ་སོགས་པ་	ལ་སོགས་པ་	NO_POS
ལ་	ལ་	PART
ལྷག་པ་		
དམིགས་པ་	དམིགས་པ་	VERB
འི་	གི་	PART
བྱང་ཆུབ་	བྱང་ཆུབ་	NOUN
སེམས་དཔའ་	སེམས་དཔའ་	NOUN
ལ་	ལ་	PART
ཆེ་	ཆེ་	VERB
ལྷག་པ་		
བཟོད་པ་	བཟོད་པ་	VERB
ཉིད་	ཉིད་	DET
སྐྱེ་བ་	སྐྱེ་བ་	VERB
ར་	ལ་	PART
འགྱུར་	འགྱུར་	VERB
རོ་	རོ་	NOUN
།།		PUNCT
		
གཉིས་པ་	གཉིས་པ་	NUM
ཤེས་རབ་	ཤེས་རབ་	NOUN
ཀྱིས་	གིས་	PART
བཟོད་པ་	བཟོད་པ་	VERB
ནི་	ནི་	NO_POS
།		PUNCT
		
གཞན་	གཞན་	DET
ཡང་	ཀྱང་	PART
།		PUNCT
བདག་མེད་	བདག་མེད་	ADJ
མཐོང་བ་	མཐོང་བ་	VERB
འི་	གི་	PART
བྱང་ཆུབ་	བྱང་ཆུབ་	NOUN
སེམས་དཔའ་	སེམས་དཔའ་	NOUN
ལ་	ལ་	PART
།།		PUNCT
གང་ཞིག་	གང་ཞིག་	NO_POS
གང་	གང་	NO_POS
གིས་	གིས་	PART
གང་	གང་	NO_POS
ཚེ་	ཚེ་	NOUN
ཇི་ལྟ་		
གཅོད་	གཅོད་	NO_POS
།།		PUNCT
གང་	གང་	NO_POS
ཕྱི་	ཕྱི་	OTHER
ཆོ་	ཆོ་	NOUN
ཀྱང་	ཀྱང་	PART
དེ་	སྟེ་	PART
ཡི་	གི་	PART
གཟུགས་བརྙན་	གཟུགས་བརྙན་	NOUN
ལྟ་	ལྟ་	OTHER
།།		PUNCT
མཐོང་བ་	མཐོང་བ་	VERB
དེས་ན་	དེས་ན་	NO_POS
དེ་	སྟེ་	PART
ཡི་	གིས་	PART
བཟོད་པ་	བཟོད་པ་	VERB
ར་	ལ་	PART
འགྱུར་	འགྱུར་	VERB
།།		PUNCT
		
སྡིག་པ་	སྡིག་པ་	VERB
འི་	གི་	PART
ལ་	ལ་	ADP
ས་	གིས་	PART
དེ་	དེ་	DET
འི་	གི་	PART
རྐྱེན་	རྐྱེན་	NOUN
ཅན་	ཅན་	PART
དམྱལ་བ་	དམྱལ་བ་	NOUN
ལ་སོགས་པ་	ལ་སོགས་པ་	NO_POS
འི་	གི་	PART
སྡུག་བསྔལ་	སྡུག་བསྔལ་	NOUN
ལ་	ལ་	PART
ལྷག་པ་		
དམིགས་	དམིགས་	VERB
ན་	ནས་	PART
ཆེ་	ཆེ་	VERB
ལྷག་པ་		
བཟོད་པ་	བཟོད་པ་	VERB
ར་	ལ་	PART
འགྱུར་བ་	འགྱུར་བ་	VERB
འབའ་ཞིག་	འབའ་ཞིག་	NO_POS
ཏུ་	ལ་	PART
མ་ཟད་	མ་ཟད་	NO_POS
ཀྱི་	གི་	PART
།		PUNCT
གང་	གང་	NO_POS
གི་	གི་	PART
ཕྱི་	ཕྱི་	OTHER
དེ་	དེ་	DET
ས་	གིས་	PART
ཆོ་	ཆོ་	NOUN
རྣམས་	རྣམས་	DET
ཀྱང་	ཀྱང་	PART
གཟུགས་བརྙན་	གཟུགས་བརྙན་	NOUN
དང་	དང་	NO_POS
འདྲ་བ་	འདྲ་བ་	VERB
ར་	ལ་	PART
མཐོང་	མཐོང་	VERB
ཞིང་	ཅིང་	PART
།		PUNCT
བདག་	བདག་	PRON
དང་	དང་	NO_POS
བདག་	བདག་	PRON
གི་བ་	གི་བ་	PART
འི་	གི་	PART
འདུ་བྱེད་	འདུ་བྱེད་	NOUN
དང་	དང་	NO_POS
བྲལ་བ་	བྲལ་བ་	VERB
འདི་	འདི་	DET
འི་	གི་	PART
ཕྱིར་ཡང་	ཕྱིར་ཡང་	PART
ཆེ་	ཆེ་	VERB
ཤིན་ཏུ་	ཤིན་ཏུ་	NO_POS
བཟོད་པ་	བཟོད་པ་	VERB
ཉིད་	ཉིད་	DET
དོ་	གོ་	PART
། །		PUNCT
ཀྱང་	ཀྱང་	PART
གི་	གི་	PART
སྒྲ་	སྒྲ་	NOUN
ས་	གིས་	PART
ནི་	ནི་	NO_POS
བཟོད་པ་	བཟོད་པ་	VERB
འི་	གི་	PART
རྒྱུ་	རྒྱུ་	NOUN
བསྡུ་བ་	བསྡུ་བ་	VERB
ར་	ལ་	PART
བྱ་བ་	བྱ་བ་	VERB
འི་	གི་	PART
ཕྱི་	ཕྱི་	OTHER
རོ་	རོ་	NOUN
།།		PUNCT
		
གཉིས་པ་	གཉིས་པ་	NUM
ཞ་	ཞ་	NOUN
ལ་	ལ་	PART
བཟོད་པ་	བཟོད་པ་	VERB
འི་	གི་	PART
བསྔགས་པ་	བསྔགས་པ་	VERB
བཤད་པ་	བཤད་པ་	VERB
ལ་	ལ་	PART
།		PUNCT
ཁོང་ཁྲོ་	ཁོང་ཁྲོ་	NOUN
འི་	གི་	PART
ཉེས་དམིགས་	ཉེས་དམིགས་	NOUN
།		PUNCT
བཟོད་པ་	བཟོད་པ་	VERB
འི་	གི་	PART
ཕན་ཡོན་	ཕན་ཡོན་	NOUN
།		PUNCT
དེས་ན་	དེས་ན་	NO_POS
ཁོང་ཁྲོ་	ཁོང་ཁྲོ་	NOUN
སྤངས་	སྤངས་	VERB
ཏེ་	སྟེ་	PART
བཟོད་པ་	བཟོད་པ་	VERB
སྒོམ་པ་	སྒོམ་པ་	VERB
ར་	ལ་	PART
གདམས་པ་	གདམས་པ་	VERB
འོ་	གོ་	PART
། །		PUNCT
དང་པོ་	དང་པོ་	ADJ
ལ་	ལ་	PART
།		PUNCT
འཇིག་རྟེན་	འཇིག་རྟེན་	NOUN
འདི་	འདི་	DET
ར་	ལ་	PART
དོན་མེད་པ་	དོན་མེད་པ་	ADJ
།		PUNCT
འཇིག་རྟེན་	འཇིག་རྟེན་	NOUN
ཕ་རོལ་	ཕ་རོལ་	NOUN
དང་	དང་	NO_POS
འགལ་བ་	འགལ་བ་	VERB
།		PUNCT
འདི་	འདི་	DET
དང་	དང་	NO_POS
ཕ་རོལ་	ཕ་རོལ་	NOUN
གྱི་	གི་	PART
ཉེས་དམིགས་	ཉེས་དམིགས་	NOUN
གཞན་	གཞན་	DET
ཡང་	ཀྱང་	PART
བསྟན་པ་	བསྟན་པ་	VERB
འོ་	གོ་	PART
། །		PUNCT
དང་པོ་	དང་པོ་	ADJ
ནི་	ནི་	NO_POS
།		PUNCT
		
བཟོད་པ་	བཟོད་པ་	VERB
འདི་	འདི་	DET
བྱང་ཆུབ་	བྱང་ཆུབ་	NOUN
སེམས་དཔའ་	སེམས་དཔའ་	NOUN
རྣམས་	རྣམས་	DET
ཀྱི་	གི་	PART
འཚམ་པ་	འཚམ་པ་	VERB
འི་	གི་	PART
ཆོ་	ཆོ་	NOUN
ཡིན་པ་	ཡིན་པ་	AUX
འབའ་ཞིག་	འབའ་ཞིག་	NO_POS
ཏུ་	ལ་	PART
མ་ཟད་	མ་ཟད་	NO_POS
ཀྱི་	གི་	PART
།		PUNCT
དེ་ལས་	དེ་ལས་	NO_POS
གཞན་པ་	གཞན་པ་	DET
རྣམས་	རྣམས་	DET
ཀྱི་	གི་	PART
ཡོན་ཏན་	ཡོན་ཏན་	NOUN
མཐའ་དག་	མཐའ་དག་	DET
བསྲུང་བ་	བསྲུང་བ་	VERB
འི་	གི་	PART
རྒྱུ་	རྒྱུ་	NOUN
ཡང་	ཀྱང་	PART
ཡིན་པ་	ཡིན་པ་	AUX
ས་	གིས་	PART
མི་	མི་	PART
བཟོད་པ་	བཟོད་པ་	VERB
དང་	དང་	NO_POS
ལྡན་པ་	ལྡན་པ་	VERB
ལྟ་	ལྟ་	OTHER
ཁྲོ་བ་	ཁྲོ་བ་	VERB
ལ་	ལ་	ADP
ས་	གིས་	PART
ལྡོག་པ་	ལྡོག་པ་	VERB
ར་	ལ་	PART
རིག་པ་	རིག་པ་	VERB
ར་	ལ་	PART
འཆད་པ་	འཆད་པ་	VERB
ནི་	ནི་	NO_POS
།		PUNCT
གནོད་པ་	གནོད་པ་	VERB
བྱས་པ་	བྱས་པ་	VERB
ས་	གིས་	PART
གལ་ཏེ་	གལ་ཏེ་	NO_POS
དེ་	དེ་	DET
ར་	ལ་	PART
བཀོད་	བཀོད་	VERB
ན་	ལ་	PART
།།		PUNCT
དེ་	སྟེ་	PART
ལ་	ལ་	PART
བཀོན་པ་	བཀོན་པ་	NO_POS
ས་	གིས་	PART
བྱ་	བྱ་	VERB
ཟིན་	ཟིན་	VERB
ལྡོག་	ལྡོག་	VERB
གམ་	གམ་	PART
ཅི་	ཅི་	NO_POS
།།		PUNCT
དེ་ཕྱིར་	དེ་ཕྱིར་	NO_POS
དེ་	སྟེ་	PART
བཀོན་	བཀོན་	NO_POS
ངེས་པ་		
འདི་	འདི་	DET
ར་	ལ་	PART
དོན་མེད་	དོན་མེད་	ADJ
།།		PUNCT
འཇིག་རྟེན་	འཇིག་རྟེན་	NOUN
ཕ་རོལ་	ཕ་རོལ་	NOUN
ཡང་	ཀྱང་	PART
ནི་	ནི་	NO_POS
འགལ་བ་	འགལ་བ་	VERB
ར་	ལ་	PART
འགྱུར་	འགྱུར་	VERB
།།		PUNCT
		
ཞེ་	ཅེས་	PART
བྱ་བ་	བྱ་བ་	VERB
སྟེ་	སྟེ་	PART
།		PUNCT
གལ་ཏེ་	གལ་ཏེ་	NO_POS
རེ་ཞིག་	རེ་ཞིག་	NO_POS
ཁོང་	ཁོང་	PRON
འཁྲུགས་པ་	འཁྲུགས་པ་	VERB
འི་	གི་	PART
སྐབས་	སྐབས་	NOUN
སྟེར་བ་	སྟེར་བ་	VERB
འདི་	འདི་	DET
གནོད་པ་	གནོད་པ་	VERB
བྱས་པ་	བྱས་པ་	VERB
གཞན་	གཞན་	DET
ལ་	ལ་	PART
ཁྲོ་	ཁྲོ་	VERB
ན་	ལ་	PART
དེ་	དེ་	DET
འི་	གི་	PART
ཚེ་	ཚེ་	NOUN
གནོད་པ་	གནོད་པ་	VERB
བྱ་	བྱ་	VERB
ཟིན་པ་	ཟིན་པ་	VERB
བཟློག་	བཟློག་	VERB
ཏུ་	ལ་	PART
མེད་པ་	མེད་པ་	VERB
འི་	གི་	PART
ཕྱི་	ཕྱི་	OTHER
།		PUNCT
དེ་	སྟེ་	PART
ལ་	ལ་	PART
དམིགས་པ་	དམིགས་པ་	VERB
འི་	གི་	PART
ཞེ་	ཞེ་	PART
འཁམ་པ་	འཁམ་པ་	NON_WORD
དོན་མེད་པ་	དོན་མེད་པ་	ADJ
ཉིད་	ཉིད་	DET
དོ་	གོ་	PART
། །		PUNCT
རྒྱུ་	རྒྱུ་	NOUN
བྱ་	བྱ་	VERB
ཟིན་པ་	ཟིན་པ་	VERB
འི་	གི་	PART
ཕྱི་	ཕྱི་	OTHER
རོ་	རོ་	NOUN
། །		PUNCT
འདི་	འདི་	DET
འི་	གི་	PART
བཀོན་པ་	བཀོན་པ་	NO_POS
དང་	དང་	NO_POS
ལྟ་	ལྟ་	NOUN
དགོས་པ་	དགོས་པ་	VERB
མེད་པ་	མེད་པ་	VERB
འབའ་ཞིག་	འབའ་ཞིག་	NO_POS
ཏུ་	ལ་	PART
མ་ཟད་	མ་ཟད་	NO_POS
ཀྱི་	གི་	PART
།		PUNCT
འཇིག་རྟེན་	འཇིག་རྟེན་	NOUN
ཕ་རོལ་	ཕ་རོལ་	NOUN
དང་	དང་	NO_POS
ཡང་	ཀྱང་	PART
འགལ་བ་	འགལ་བ་	VERB
ར་	ལ་	PART
འགྱུར་	འགྱུར་	VERB
ཏེ་	སྟེ་	PART
།		PUNCT
ཁོང་ཁྲོ་བ་	ཁོང་ཁྲོ་བ་	NO_POS
སྐྱེས་པ་	སྐྱེས་པ་	VERB
ཡིན་	ཡིན་	NO_POS
དང་	དང་	NO_POS
རྣམ་པ་	རྣམ་པ་	NOUN
ར་	ལ་	PART
སྨིན་པ་	སྨིན་པ་	VERB
ཡིད་	ཡིད་	NOUN
དུ་	ལ་	PART
མི་	མི་	PART
འོང་བ་	འོང་བ་	VERB
འཕེན་པ་	འཕེན་པ་	VERB
འི་	གི་	PART
ཕྱི་	ཕྱི་	OTHER
རོ་	རོ་	NOUN
།།		PUNCT
		
གཉིས་པ་	གཉིས་པ་	NUM
འཇིག་རྟེན་	འཇིག་རྟེན་	NOUN
ཕ་རོལ་	ཕ་རོལ་	NOUN
དང་	དང་	NO_POS
འགལ་བ་	འགལ་བ་	VERB
ལ་	ལ་	PART
།		PUNCT
རྣམ་སྨིན་	རྣམ་སྨིན་	NOUN
ཡིད་	ཡིད་	NOUN
དུ་	ལ་	PART
མི་	མི་	PART
འོང་བ་	འོང་བ་	VERB
འཕེན་པ་	འཕེན་པ་	VERB
དང་	དང་	NO_POS
།		PUNCT
ཡུན་རིང་	ཡུན་རིང་	NOUN
བསགས་པ་	བསགས་པ་	VERB
འི་	གི་	PART
བསོད་ནམས་	བསོད་ནམས་	NOUN
ཟད་པ་	ཟད་པ་	VERB
འི་	གི་	PART
རྒྱུ་	རྒྱུ་	NOUN
ར་	ལ་	PART
བསྟན་པ་	བསྟན་པ་	VERB
གཉིས་	གཉིས་	NUM
།		PUNCT
དང་པོ་	དང་པོ་	ADJ
ནི་	ནི་	NO_POS
།		PUNCT
		
གང་ཞིག་	གང་ཞིག་	NO_POS
རང་	རང་	PRON
གིས་	གིས་	PART
ཉེས་པ་	ཉེས་པ་	VERB
ར་	ལ་	PART
སྤྱད་པ་	སྤྱད་པ་	VERB
བྱས་པ་	བྱས་པ་	VERB
འི་	གི་	PART
འབྲས་བུ་	འབྲས་བུ་	NOUN
འི་	གི་	PART
ཁྱད་པར་	ཁྱད་པར་	NOUN
ཉེ་བ་		
སྤྱོད་པ་	སྤྱོད་པ་	VERB
བཞིན་	བཞིན་	NOUN
དུ་	ལ་	PART
གཏི་མུག་པ་	གཏི་མུག་པ་	NOUN
ས་	གིས་	PART
གཞན་	གཞན་	DET
གྱིས་	གིས་	PART
བདག་	བདག་	PRON
ལ་	ལ་	PART
གནོད་པ་	གནོད་པ་	VERB
དེ་	སྟེ་	PART
བྱ་	བྱ་	VERB
སོ་	གོ་	PART
སྙམ་	སྙམ་	VERB
དུ་	ལ་	PART
རྟོག་པ་	རྟོག་པ་	VERB
དེ་	སྟེ་	PART
ལ་	ལ་	PART
ནི་	ནི་	NO_POS
གནོད་པ་	གནོད་པ་	VERB
བྱེད་པ་	བྱེད་པ་	VERB
ལ་	ལ་	PART
ཁྲོ་བ་	ཁྲོ་བ་	VERB
ཉེ་བ་		
སྐྱེ་	སྐྱེ་	NOUN
ལ་	ལ་	PART
།		PUNCT
ལན་	ལན་	NOUN
དུ་	ལ་	PART
གནོད་པ་	གནོད་པ་	VERB
བསྐྱལ་བ་	བསྐྱལ་བ་	VERB
ས་	གིས་	PART
དེ་	དེ་	DET
འི་	གི་	PART
གནོད་པ་	གནོད་པ་	VERB
ཕམ་པ་	ཕམ་པ་	VERB
ར་	ལ་	PART
འདོད་པ་	འདོད་པ་	VERB
གང་ཡིན་པ་	གང་ཡིན་པ་	NO_POS
དེ་ཡང་	དེ་ཡང་	ADV
བཟློག་པ་	བཟློག་པ་	VERB
ར་	ལ་	PART
བྱ་བ་	བྱ་བ་	VERB
འི་	གི་	PART
ཕྱི་	ཕྱི་	OTHER
བཤད་པ་	བཤད་པ་	VERB
།		PUNCT
སྔོན་བྱས་པ་	སྔོན་བྱས་པ་	NO_POS
འི་	གི་	PART
མི་དགེ་བ་	མི་དགེ་བ་	NO_POS
འི་	གི་	PART
ལ་	ལ་	ADP
ས་	གིས་	PART
ཀྱི་	གི་	PART
འབྲས་བུ་	འབྲས་བུ་	NOUN
གང་	གང་	NO_POS
།།		PUNCT
ཟད་པ་		
བྱེད་པ་	བྱེད་པ་	VERB
ར་	ལ་	PART
བརྗོད་པ་	བརྗོད་པ་	VERB
ར་	ལ་	PART
འདོད་པ་	འདོད་པ་	VERB
དེ་ཉིད་	དེ་ཉིད་	NOUN
ཀོ་	ཀོ་	NO_POS
།།		PUNCT
གཞན་	གཞན་	DET
ལ་	ལ་	PART
གནོད་པ་	གནོད་པ་	VERB
དང་	དང་	NO_POS
ནི་	ནི་	NO_POS
ཁྲོ་བ་	ཁྲོ་བ་	VERB
ས་	གིས་	PART
སྡུག་བསྔལ་	སྡུག་བསྔལ་	NOUN
ཕྱི་	ཕྱི་	OTHER
།།		PUNCT
ས་བོན་	ས་བོན་	NOUN
ཉིད་	ཉིད་	DET
དུ་	ལ་	PART
ཇི་ལྟ་བུ་	ཇི་ལྟ་བུ་	NO_POS
ར་	ལ་	PART
ན་	ལ་	PART
ཁྲིད་པ་	ཁྲིད་པ་	VERB
ར་	ལ་	PART
བྱེད་	བྱེད་	VERB
།།		PUNCT
		
གང་ཞིག་	གང་ཞིག་	NO_POS
མཚོན་ཆ་	མཚོན་ཆ་	NOUN
རྣོན་པོ་	རྣོན་པོ་	ADJ
འི་	གི་	PART
སོ་	གོ་	PART
བབས་པ་	བབས་པ་	VERB
ས་	གིས་	PART
། །		PUNCT
དེ་	སྟེ་	PART
ལ་	ལ་	PART
ལུས་	ལུས་	NOUN
ལ་	ལ་	PART
གནོད་པ་	གནོད་པ་	VERB
འི་	གི་	PART
སྡུག་བསྔལ་	སྡུག་བསྔལ་	NOUN
ཆེ་	ཆེ་	VERB
ཆེ་བ་	ཆེ་བ་	VERB
དགྲ་	དགྲ་	NOUN
དག་	དག་	DET
གིས་	གིས་	PART
ཉེ་བ་		
བསྒྲུབས་པ་	བསྒྲུབས་པ་	VERB
དེ་	སྟེ་	PART
ནི་	ནི་	NO_POS
།		PUNCT
འབྲས་བུ་འབྱུང་བ་	འབྲས་བུ་འབྱུང་བ་	NO_POS
ཐ་མ་	ཐ་མ་	ADJ
སྲོག་གཅོད་པ་	སྲོག་གཅོད་པ་	NOUN
འི་	གི་	PART
ལ་	ལ་	ADP
ས་	གིས་	PART
སྔོན་བྱས་པ་	སྔོན་བྱས་པ་	NO_POS
སེམས་ཅན་	སེམས་ཅན་	NOUN
དམྱལ་བ་	དམྱལ་བ་	NOUN
དང་	དང་	NO_POS
།		PUNCT
དུད་འགྲོ་	དུད་འགྲོ་	NOUN
འི་	གི་	PART
སྐྱེ་གནས་	སྐྱེ་གནས་	NOUN
དང་	དང་	NO_POS
།		PUNCT
གཤིན་རྗེ་	གཤིན་རྗེ་	OTHER
འི་	གི་	PART
འཇིག་རྟེན་	འཇིག་རྟེན་	NOUN
ལ་སོགས་པ་	ལ་སོགས་པ་	NO_POS
འི་	གི་	PART
རྣམ་པ་	རྣམ་པ་	NOUN
ར་	ལ་	PART
སྨིན་པ་	སྨིན་པ་	VERB
འི་	གི་	PART
འབྲས་བུ་	འབྲས་བུ་	NOUN
དྲག་པ་	དྲག་པ་	VERB
ཉམས་	ཉམས་	NOUN
སུ་	ལ་	PART
མྱོང་བ་	མྱོང་བ་	VERB
ར་	ལ་	PART
གྱུར་	གྱུར་	VERB
ཅིང་	ཅིང་	PART
།		PUNCT
རྒྱུ་	རྒྱུ་	NOUN
དང་	དང་	NO_POS
འབྲས་བུ་	འབྲས་བུ་	NOUN
ཉོན་མོངས་པ་	ཉོན་མོངས་པ་	NOUN
ལྷག་མ་	ལྷག་མ་	NOUN
ར་	ལ་	PART
ལུས་པ་	ལུས་པ་	VERB
ཅན་	ཅན་	PART
རྣམས་	རྣམས་	DET
ཀྱི་	གི་	PART
འབྲས་བུ་	འབྲས་བུ་	NOUN
ཡིད་	ཡིད་	NOUN
དུ་	ལ་	PART
མི་	མི་	PART
འོང་བ་	འོང་བ་	VERB
མ་ལུས་པ་	མ་ལུས་པ་	OTHER
ལྡོག་པ་	ལྡོག་པ་	VERB
འི་	གི་	PART
རྒྱུ་	རྒྱུ་	NOUN
གང་ཡིན་པ་	གང་ཡིན་པ་	NO_POS
སྟེ་	སྟེ་	PART
།		PUNCT
དེ་	སྟེ་	PART
ཇི་ལྟ་		
སླར་ཡང་	སླར་ཡང་	OTHER
རྣམ་པ་	རྣམ་པ་	NOUN
ར་	ལ་	PART
འགྱུར་པ་	འགྱུར་པ་	VERB
ས་	གིས་	PART
སྨན་	སྨན་	NOUN
གྱི་	གི་	PART
བཏུང་བ་	བཏུང་བ་	VERB
ཐ་མ་	ཐ་མ་	ADJ
ཁོང་	ཁོང་	PRON
ན་	ལ་	PART
ཡོད་པ་	ཡོད་པ་	VERB
འི་	གི་	PART
ནད་གསོ་བ་	ནད་གསོ་བ་	NO_POS
འི་	གི་	PART
རྒྱུ་	རྒྱུ་	NOUN
ལྟ་	ལྟ་	OTHER
ཁོང་	ཁོང་	PRON
ན་	ནས་	PART
འཁྲུག་པ་	འཁྲུག་པ་	VERB
དང་	དང་	NO_POS
།		PUNCT
གཞན་	གཞན་	DET
ལ་	ལ་	PART
གནོད་པ་	གནོད་པ་	VERB
དག་	དག་	DET
གིས་	གིས་	PART
འབྲས་བུ་	འབྲས་བུ་	NOUN
ཡིད་	ཡིད་	NOUN
དུ་	ལ་	PART
མི་	མི་	PART
འོང་བ་	འོང་བ་	VERB
འདའ་	འདའ་	VERB
ཟིན་པ་	ཟིན་པ་	VERB
བ་	བ་	ADP
ཀྱང་	ཀྱང་	PART
ཆེ་	ཆེ་	VERB
ལྷག་པ་		
གནོད་པ་	གནོད་པ་	VERB
ར་	ལ་	PART
བྱེད་པ་	བྱེད་པ་	VERB
འི་	གི་	PART
འབྲས་བུ་འབྱུང་བ་	འབྲས་བུ་འབྱུང་བ་	NO_POS
འི་	གི་	PART
རྒྱུ་	རྒྱུ་	NOUN
ཉིད་	ཉིད་	DET
དུ་	ལ་	PART
བཀྲི་བ་	བཀྲི་བ་	VERB
ར་	ལ་	PART
འགྱུར་	འགྱུར་	VERB
།		PUNCT
དེ་	དེ་	DET
འི་	གི་	PART
ཕྱི་	ཕྱི་	OTHER
དེ་	དེ་	DET
ས་	གིས་	PART
སྨན་པ་	སྨན་པ་	NOUN
ནད་གསོ་	ནད་གསོ་	NO_POS
བ་	བ་	NOUN
བྱེད་པ་	བྱེད་པ་	VERB
འི་	གི་	PART
རྒྱུ་	རྒྱུ་	NOUN
ར་	ལ་	PART
གྱུར་པ་	གྱུར་པ་	VERB
གཙགས་	གཙགས་	NO_POS
ཆ་	ཆ་	NOUN
རྣོན་པོ་	རྣོན་པོ་	ADJ
འི་	གི་	PART
ལ་	ལ་	ADP
ས་	གིས་	PART
བྱེད་པ་	བྱེད་པ་	VERB
ལ་	ལ་	PART
བྱ་བ་	བྱ་བ་	VERB
ལྟ་	ལྟ་	OTHER
།		PUNCT
འབྲས་བུ་	འབྲས་བུ་	NOUN
སྡུག་བསྔལ་	སྡུག་བསྔལ་	NOUN
འབྱུང་བ་	འབྱུང་བ་	VERB
འི་	གི་	PART
རྒྱུ་ལ་	རྒྱུ་ལ་	NO_POS
ཆེ་	ཆེ་	VERB
ཤིན་ཏུ་	ཤིན་ཏུ་	NO_POS
བཟོད་པ་	བཟོད་པ་	VERB
ར་	ལ་	PART
རིགས་	རིགས་	NOUN
སོ་	གོ་	PART
།།		PUNCT
		
གཉིས་པ་	གཉིས་པ་	NUM
ཡུན་རིང་	ཡུན་རིང་	NOUN
བསགས་པ་	བསགས་པ་	VERB
འི་	གི་	PART
བསོད་ནམས་	བསོད་ནམས་	NOUN
ཟད་པ་	ཟད་པ་	VERB
འི་	གི་	PART
རྒྱུ་	རྒྱུ་	NOUN
ར་	ལ་	PART
བསྟན་པ་	བསྟན་པ་	VERB
ནི་	ནི་	NO_POS
།		PUNCT
		
མི་	མི་	PART
བཟོད་པ་	བཟོད་པ་	VERB
ནི་	ནི་	NO_POS
ཇི་སྐད་	ཇི་སྐད་	NO_POS
བཤད་པ་	བཤད་པ་	VERB
འི་	གི་	PART
ཚུལ་	ཚུལ་	NOUN
གྱིས་	གིས་	PART
རྣམ་པ་	རྣམ་པ་	NOUN
ར་	ལ་	PART
སྨིན་པ་	སྨིན་པ་	VERB
ཡིད་	ཡིད་	NOUN
དུ་	ལ་	PART
མི་	མི་	PART
འོང་བ་	འོང་བ་	VERB
སྤངས་པ་	སྤངས་པ་	VERB
འཕེན་པ་	འཕེན་པ་	VERB
འི་	གི་	PART
རྒྱུ་	རྒྱུ་	NOUN
ཡིན་པ་	ཡིན་པ་	AUX
འབའ་ཞིག་	འབའ་ཞིག་	NO_POS
ཏུ་	ལ་	PART
མ་ཟད་	མ་ཟད་	NO_POS
ཀྱི་	གི་	PART
།		PUNCT
ཡུན་རིང་	ཡུན་རིང་	NOUN
དུ་	ལ་	PART
བསགས་པ་	བསགས་པ་	VERB
འི་	གི་	PART
བསོད་ནམས་	བསོད་ནམས་	NOUN
ཀྱི་	གི་	PART
ཚོགས་	ཚོགས་	NOUN
ཟད་པ་	ཟད་པ་	VERB
འི་	གི་	PART
རྒྱུ་	རྒྱུ་	NOUN
ཡང་	ཀྱང་	PART
ཡིན་	ཡིན་	NO_POS
ནོ་	གོ་	PART
ཞེ་	ཅེས་	PART
བསྟན་པ་	བསྟན་པ་	VERB
འི་	གི་	PART
ཕྱི་	ཕྱི་	OTHER
།		PUNCT
གང་	གང་	NO_POS
ཕྱི་	ཕྱི་	OTHER
རྒྱལ་སྲས་	རྒྱལ་སྲས་	NOUN
རྣམས་	རྣམས་	DET
ལ་	ལ་	PART
ཁྲོ་བ་	ཁྲོ་བ་	VERB
ཡི་	གིས་	PART
།།		PUNCT
སྦྱིན་	སྦྱིན་	VERB
དང་	དང་	NO_POS
ཁྲིམས་	ཁྲིམས་	NOUN
འབྱུང་	འབྱུང་	VERB
དགེ་བ་	དགེ་བ་	VERB
བསྐལ་བ་	བསྐལ་བ་	NOUN
བརྒྱ་	བརྒྱ་	NUM
ར་	ལ་	PART
།།		PUNCT
བསགས་པ་	བསགས་པ་	VERB
སྐད་ཅིག་	སྐད་ཅིག་	OTHER
གིས་	གིས་	PART
འཇོམས་	འཇོམས་	NO_POS
དེ་	སྟེ་	PART
ཡི་	གི་	PART
ཕྱི་	ཕྱི་	OTHER
།།		PUNCT
མི་	མི་	PART
བཟོད་	བཟོད་	VERB
ལ་	ལ་	ADP
ས་	གིས་	PART
གཞན་	གཞན་	DET
སྡིག་པ་	སྡིག་པ་	VERB
ཡོད་	ཡོད་	VERB
མ་	མ་	PART
ཡིན་	ཡིན་	NO_POS
།།		PUNCT
		
ཞེ་	ཅེས་	PART
བྱ་བ་	བྱ་བ་	VERB
སྨོས་	སྨོས་	VERB
ཏེ་	སྟེ་	PART
།		PUNCT
གལ་ཏེ་	གལ་ཏེ་	NO_POS
བྱང་ཆུབ་	བྱང་ཆུབ་	NOUN
སེམས་དཔའ་	སེམས་དཔའ་	NOUN
བདག་ཉིད་	བདག་ཉིད་	NOUN
ཆེན་པོ་	ཆེན་པོ་	ADJ
དེ་	དེ་	DET
ས་	གིས་	PART
གང་ཟག་	གང་ཟག་	NOUN
གི་	གི་	PART
ཁྱད་པར་	ཁྱད་པར་	NOUN
དུ་	ལ་	PART
ངེས་པ་	ངེས་པ་	VERB
དང་	དང་	NO_POS
བྲལ་བ་	བྲལ་བ་	VERB
འི་	གི་	PART
ཕྱི་	ཕྱི་	OTHER
ལ་	ལ་	PART
།		PUNCT
ངེས་པ་	ངེས་པ་	VERB
ཡིན་	ཡིན་	NO_POS
དུ་	ལ་	PART
ཟིན་	ཟིན་	VERB
ཀྱང་	ཀྱང་	PART
ཉོན་མོངས་པ་	ཉོན་མོངས་པ་	NOUN
གོམས་པ་	གོམས་པ་	VERB
ལ་	ལ་	PART
རག་	རག་	VERB
ལ་	ལ་	ADP
ས་	གིས་	PART
ན་	ནས་	PART
འཇུག་པ་	འཇུག་པ་	VERB
ཉིད་	ཉིད་	DET
ཀྱི་	གི་	PART
ཕྱི་	ཕྱི་	OTHER
བྱང་ཆུབ་	བྱང་ཆུབ་	NOUN
ཏུ་	ལ་	PART
སེམས་བསྐྱེད་པ་	སེམས་བསྐྱེད་པ་	NOUN
རྣམས་	རྣམས་	DET
ལ་	ལ་	PART
བདེན་པ་	བདེན་པ་	VERB
ར་	ལ་	PART
གྱུར་པ་	གྱུར་པ་	VERB
དང་	དང་	NO_POS
།		PUNCT
བདེན་པ་	བདེན་པ་	VERB
ར་	ལ་	PART
འགྱུར་པ་	འགྱུར་པ་	VERB
མ་ཡིན་པ་	མ་ཡིན་པ་	OTHER
འི་	གི་	PART
ཉེས་པ་	ཉེས་པ་	VERB
ལྷག་པ་		
སྒྲོ་	སྒྲོ་	NOUN
བཏགས་	བཏགས་	VERB
ན་	ནས་	PART
ཁོང་ཁྲོ་བ་	ཁོང་ཁྲོ་བ་	NO_POS
འི་	གི་	PART
བསམ་པ་	བསམ་པ་	VERB
སྐད་ཅིག་	སྐད་ཅིག་	OTHER
ཙམ་	ཙམ་	DET
ཞིག་	ཅིག་	PART
བསྐྱེད་	བསྐྱེད་	VERB
ན་	ལ་	PART
ཡང་	ཀྱང་	PART
།		PUNCT
དེ་ཙམ་	དེ་ཙམ་	NO_POS
གྱིས་	གིས་	PART
ཀྱང་	ཀྱང་	PART
བསྐལ་བ་	བསྐལ་བ་	NOUN
བརྒྱ་	བརྒྱ་	NUM
ར་	ལ་	PART
བསགས་པ་	བསགས་པ་	VERB
འི་	གི་	PART
བསོད་ནམས་	བསོད་ནམས་	NOUN
ཀྱི་	གི་	PART
ཚོགས་	ཚོགས་	NOUN
སྔ་	སྔ་	NOUN
བསྟན་པ་	བསྟན་པ་	VERB
འི་	གི་	PART
སྦྱིན་པ་	སྦྱིན་པ་	VERB
དང་	དང་	NO_POS
།		PUNCT
ཚུལ་ཁྲིམས་	ཚུལ་ཁྲིམས་	NOUN
ཀྱི་	གི་	PART
ཕ་རོལ་	ཕ་རོལ་	NOUN
ཏུ་	ལ་	PART
ཕྱིན་པ་	ཕྱིན་པ་	VERB
གོམས་པ་	གོམས་པ་	VERB
ལ་	ལ་	ADP
ས་	གིས་	PART
བསྐྱེད་པ་	བསྐྱེད་པ་	VERB
འཇོམས་པ་	འཇོམས་པ་	VERB
ར་	ལ་	PART
འགྱུར་	འགྱུར་	VERB
ན་	ལ་	PART
།		PUNCT
བྱང་ཆུབ་	བྱང་ཆུབ་	NOUN
སེམས་དཔའ་	སེམས་དཔའ་	NOUN
མ་ཡིན་པ་	མ་ཡིན་པ་	OTHER
ས་	གིས་	PART
བྱང་ཆུབ་	བྱང་ཆུབ་	NOUN
སེམས་དཔའ་	སེམས་དཔའ་	NOUN
རྣམས་	རྣམས་	DET
ལ་	ལ་	PART
བསྐྱེད་པ་	བསྐྱེད་པ་	VERB
ལྟ་ཅི་	ལྟ་ཅི་	NO_POS
སྨོས་	སྨོས་	VERB
ཏེ་	སྟེ་	PART
།		PUNCT
དེ་	དེ་	DET
འི་	གི་	PART
ཕྱི་	ཕྱི་	OTHER
རྒྱ་མཚོ་	རྒྱ་མཚོ་	NOUN
ཆེན་པོ་	ཆེན་པོ་	ADJ
འི་	གི་	PART
ཆུ་	ཆུ་	NOUN
འི་	གི་	PART
ཚད་	ཚད་	NOUN
སྲང་	སྲང་	NOUN
གྲངས་	གྲངས་	NOUN
ཀྱིས་	གིས་	PART
ངེས་པ་		
མི་	མི་	PART
ནུས་པ་	ནུས་པ་	VERB
ལྟ་	ལྟ་	OTHER
།		PUNCT
དེ་	དེ་	DET
ར་	ལ་	PART
རྣམ་པ་	རྣམ་པ་	NOUN
ར་	ལ་	PART
སྨིན་པ་	སྨིན་པ་	VERB
འི་	གི་	PART
མཚམས་	མཚམས་	NOUN
ངེས་པ་		
མི་	མི་	PART
ནུས་	ནུས་	VERB
སོ་	གོ་	PART
། །		PUNCT
དེ་	དེ་	DET
འི་	གི་	PART
ཕྱི་	ཕྱི་	OTHER
དེ་ལྟ་	དེ་ལྟ་	NO_POS
ན་	ལ་	PART
འབྲས་བུ་	འབྲས་བུ་	NOUN
ཡིད་	ཡིད་	NOUN
དུ་	ལ་	PART
མི་	མི་	PART
འོང་བ་	འོང་བ་	VERB
འཕེན་པ་	འཕེན་པ་	VERB
དང་	དང་	NO_POS
།		PUNCT
དགེ་བ་	དགེ་བ་	VERB
ལ་	ལ་	PART
གནོད་པ་	གནོད་པ་	VERB
བྱེད་པ་	བྱེད་པ་	VERB
འི་	གི་	PART
སྡིག་པ་	སྡིག་པ་	VERB
ནི་	ནི་	NO_POS
མི་	མི་	PART
བཟོད་པ་	བཟོད་པ་	VERB
ལ་	ལ་	ADP
ས་	གིས་	PART
གཞན་	གཞན་	DET
མཆོག་	མཆོག་	ADJ
ཏུ་	ལ་	PART
གྱུར་པ་	གྱུར་པ་	VERB
ཡོད་པ་	ཡོད་པ་	VERB
མ་	མ་	PART
ཡིན་	ཡིན་	NO_POS
ནོ་	གོ་	PART
།།		PUNCT
དེ་སྐད་	དེ་སྐད་	NO_POS
དུ་	ལ་	PART
ཡང་	ཀྱང་	PART
།		PUNCT
འཇམ་དཔལ་	འཇམ་དཔལ་	PROPN
།		PUNCT
ཁོང་ཁྲོ་བ་	ཁོང་ཁྲོ་བ་	NO_POS
།		PUNCT
ཁོང་ཁྲོ་བ་	ཁོང་ཁྲོ་བ་	NO_POS
ཞེ་	ཅེས་	PART
བྱ་བ་	བྱ་བ་	VERB
ནི་	ནི་	NO_POS
།		PUNCT
བསྐལ་པ་	བསྐལ་པ་	NOUN
བརྒྱ་	བརྒྱ་	NUM
ར་	ལ་	PART
བསགས་པ་	བསགས་པ་	VERB
འི་	གི་	PART
དགེ་བ་	དགེ་བ་	VERB
ཉེ་བ་		
འཇོམས་པ་	འཇོམས་པ་	VERB
ར་	ལ་	PART
བྱེད་པ་	བྱེད་པ་	VERB
དེ་	དེ་	DET
འི་	གི་	PART
ཕྱི་	ཕྱི་	OTHER
།		PUNCT
ཁོང་ཁྲོ་བ་	ཁོང་ཁྲོ་བ་	NO_POS
།		PUNCT
ཁོང་ཁྲོ་བ་	ཁོང་ཁྲོ་བ་	NO_POS
ཞེ་	ཅེས་	PART
བྱ་	བྱ་	VERB
འོ་	གོ་	PART
། །		PUNCT
ཞེ་	ཅེས་	PART
གསུངས་	གསུངས་	VERB
སོ་	གོ་	PART
།།		PUNCT
		
གསུམ་པ་	གསུམ་པ་	NUM
འདི་	འདི་	DET
དང་	དང་	NO_POS
ཕ་རོལ་	ཕ་རོལ་	NOUN
གྱི་	གི་	PART
ཉེས་དམིགས་	ཉེས་དམིགས་	NOUN
གཞན་	གཞན་	DET
ཡང་	ཀྱང་	PART
བསྟན་པ་	བསྟན་པ་	VERB
ནི་	ནི་	NO_POS
།		PUNCT
		
གཞན་	གཞན་	DET
ཡང་	ཀྱང་	PART
མི་	མི་	PART
བཟོད་པ་	བཟོད་པ་	VERB
གཞན་	གཞན་	DET
ལ་	ལ་	PART
གནོད་པ་	གནོད་པ་	VERB
ར་	ལ་	PART
བྱེད་	བྱེད་	VERB
མི་	མི་	PART
ནུས་པ་	ནུས་པ་	VERB
རྣམས་	རྣམས་	DET
ཀྱིས་	གིས་	PART
ནི་	ནི་	NO_POS
བདག་ཉིད་	བདག་ཉིད་	NOUN
ཁོ་ན་	ཁོ་ན་	DET
འཇོམས་པ་	འཇོམས་པ་	VERB
ར་	ལ་	PART
བྱེད་	བྱེད་	VERB
ལ་	ལ་	PART
།		PUNCT
ནུས་པ་	ནུས་པ་	VERB
སྙིང་རྗེ་	སྙིང་རྗེ་	NOUN
མེད་པ་	མེད་པ་	VERB
རྣམས་	རྣམས་	DET
ཀྱིས་	གིས་	PART
ནི་	ནི་	NO_POS
བདག་	བདག་	PRON
དང་	དང་	NO_POS
གཞན་	གཞན་	DET
འཇོམས་པ་	འཇོམས་པ་	VERB
ར་	ལ་	PART
བྱེད་པ་	བྱེད་པ་	VERB
འདི་	འདི་	DET
ནི་	ནི་	NO_POS
སྐྱེས་པ་	སྐྱེས་པ་	VERB
ཉིད་	ཉིད་	DET
ཀྱིས་	གིས་	PART
།		PUNCT
མི་	མི་	PART
སྡུག་	སྡུག་	VERB
གཟུགས་	གཟུགས་	NOUN
སུ་	ལ་	PART
བྱེད་	བྱེད་	VERB
ཅིང་	ཅིང་	PART
དམ་པ་	དམ་པ་	VERB
མིན་པ་	མིན་པ་	VERB
ར་	ལ་	PART
དཀྲི་	དཀྲི་	NO_POS
།།		PUNCT
ཚུལ་	ཚུལ་	NOUN
དང་	དང་	NO_POS
ཚུལ་མིན་	ཚུལ་མིན་	NO_POS
ཤེས་པ་	ཤེས་པ་	VERB
འི་	གི་	PART
རྣམ་དཔྱོད་	རྣམ་དཔྱོད་	NOUN
འཕྲོག་བྱེད་	འཕྲོག་བྱེད་	NO_POS
ཅིང་	ཅིང་	PART
།།		PUNCT
དུས་ཕྱིས་	དུས་ཕྱིས་	NO_POS
རིགས་	རིགས་	NOUN
མཐུན་པ་	མཐུན་པ་	VERB
བཏང་	བཏང་	VERB
ན་	ནས་	PART
།		PUNCT
མི་	མི་	PART
བཟོད་པ་	བཟོད་པ་	VERB
ཡི་	གིས་	PART
མྱུར་	མྱུར་	VERB
དུ་	ལ་	PART
ངན་འགྲོ་	ངན་འགྲོ་	NOUN
ར་	ལ་	PART
སྐྱུར་བ་	སྐྱུར་བ་	VERB
ར་	ལ་	PART
བྱེད་	བྱེད་	VERB
།།		PUNCT
		
གཉིས་པ་	གཉིས་པ་	NUM
བཟོད་པ་	བཟོད་པ་	VERB
འི་	གི་	PART
ཕན་ཡོན་	ཕན་ཡོན་	NOUN
ནི་	ནི་	NO_POS
།		PUNCT
		
གལ་ཏེ་	གལ་ཏེ་	NO_POS
མི་	མི་	PART
བཟོད་པ་	བཟོད་པ་	VERB
འི་	གི་	PART
སྐྱོན་	སྐྱོན་	NOUN
དེ་དག་	དེ་དག་	OTHER
ཡིན་	ཡིན་	NO_POS
ན་	ལ་	PART
དེ་	སྟེ་	PART
དང་	དང་	NO_POS
འགལ་བ་	འགལ་བ་	VERB
བཟོད་པ་	བཟོད་པ་	VERB
འི་	གི་	PART
ཡོན་ཏན་	ཡོན་ཏན་	NOUN
ཅི་	ཅི་	NO_POS
ཡིན་	ཡིན་	NO_POS
ཞེ་ན་	ཅེ་ན་	PART
།		PUNCT
བཤད་པ་	བཤད་པ་	VERB
།		PUNCT
བཟོད་པ་	བཟོད་པ་	VERB
ས་	གིས་	PART
བཤད་	བཤད་	VERB
ཟིན་	ཟིན་	VERB
དང་	དང་	NO_POS
འགལ་	འགལ་	VERB
ཡོན་ཏན་	ཡོན་ཏན་	NOUN
རྣམས་	རྣམས་	DET
བྱེད་	བྱེད་	VERB
དོ་	གོ་	PART
།།		PUNCT
		
བཟོད་པ་	བཟོད་པ་	VERB
ས་	གིས་	PART
མཛེ་	མཛེ་	VERB
ཤིང་	ཅིང་	PART
སྐྱེ་བོ་	སྐྱེ་བོ་	NOUN
དམ་པ་	དམ་པ་	VERB
ལ་	ལ་	PART
།།		PUNCT
ཕངས་	ཕངས་	NO_POS
དང་	དང་	NO_POS
ལུགས་	ལུགས་	NOUN
དང་	དང་	NO_POS
ལུགས་	ལུགས་	NOUN
མིན་	མིན་	AUX
ཤེས་པ་	ཤེས་པ་	VERB
ལ་	ལ་	PART
།།		PUNCT
མཁས་པ་	མཁས་པ་	VERB
ར་	ལ་	PART
གྱུར་	གྱུར་	VERB
ཞིང་	ཅིང་	PART
དེ་	སྟེ་	PART
ཡི་	གི་	PART
འོག་	འོག་	NOUN
ཏུ་	ལ་	PART
ནི་	ནི་	NO_POS
།།		PUNCT
ལྷ་	ལྷ་	NOUN
མི་	མི་	PART
འི་	གི་	PART
སྐྱེ་	སྐྱེ་	NOUN
དང་	དང་	NO_POS
སྡིག་པ་	སྡིག་པ་	VERB
ཟད་པ་		
འགྱུར་	འགྱུར་	VERB
།།		PUNCT
		
མི་	མི་	PART
བཟོད་པ་	བཟོད་པ་	VERB
ལ་	ལ་	PART
སྐྱོན་	སྐྱོན་	NOUN
གང་དག་	གང་དག་	NO_POS
བསྟན་པ་	བསྟན་པ་	VERB
དེ་དག་	དེ་དག་	OTHER
དང་	དང་	NO_POS
འགལ་བ་	འགལ་བ་	VERB
འི་	གི་	PART
ཡོན་ཏན་	ཡོན་ཏན་	NOUN
དེ་དག་	དེ་དག་	OTHER
བཟོད་པ་	བཟོད་པ་	VERB
ལ་	ལ་	PART
རིག་པ་	རིག་པ་	VERB
ར་	ལ་	PART
བྱ་	བྱ་	VERB
འོ་	གོ་	PART
།།		PUNCT
		
གསུམ་པ་	གསུམ་པ་	NUM
ཁོང་ཁྲོ་བ་	ཁོང་ཁྲོ་བ་	NO_POS
སྤངས་	སྤངས་	VERB
ཏེ་	སྟེ་	PART
བཟོད་པ་	བཟོད་པ་	VERB
སྒོམ་པ་	སྒོམ་པ་	VERB
ར་	ལ་	PART
གདམས་པ་	གདམས་པ་	VERB
ནི་	ནི་	NO_POS
།		PUNCT
		
དེ་	དེ་	DET
འི་	གི་	PART
ཕྱི་	ཕྱི་	OTHER
དེ་ལྟ་	དེ་ལྟ་	NO_POS
།		PUNCT
སོ་སོ་	སོ་སོ་	PRON
སྐྱེ་བོ་	སྐྱེ་བོ་	NOUN
དང་	དང་	NO_POS
ནི་	ནི་	NO_POS
རྒྱལ་སྲས་	རྒྱལ་སྲས་	NOUN
ཀྱིས་	གིས་	PART
།།		PUNCT
ཁྲོ་	ཁྲོ་	VERB
དང་	དང་	NO_POS
བཟོད་པ་	བཟོད་པ་	VERB
འི་	གི་	PART
སྐྱོན་ཡོན་	སྐྱོན་ཡོན་	NO_POS
རིག་	རིག་	VERB
བྱ་	བྱ་	VERB
ཏེ་	སྟེ་	PART
།།		PUNCT
མི་	མི་	PART
བཟོད་	བཟོད་	VERB
སྤངས་	སྤངས་	VERB
ན་	ནས་	PART
འཕགས་པ་	འཕགས་པ་	VERB
འི་	གི་	PART
སྐྱེ་བོ་	སྐྱེ་བོ་	NOUN
ཡི་	གིས་	PART
།།		PUNCT
བསྔགས་པ་	བསྔགས་པ་	VERB
འི་	གི་	PART
བཟོད་པ་	བཟོད་པ་	VERB
རྟག་	རྟག་	VERB
ཏུ་	ལ་	PART
མྱུར་	མྱུར་	VERB
བསྟེན་	བསྟེན་	VERB
བྱ་	བྱ་	VERB
།།		PUNCT
		
ཁྲོ་བ་	ཁྲོ་བ་	VERB
དང་	དང་	NO_POS
།		PUNCT
བཟོད་པ་	བཟོད་པ་	VERB
ནི་	ནི་	NO_POS
ཁྲོ་བ་	ཁྲོ་བ་	VERB
དང་	དང་	NO_POS
བཟོད་པ་	བཟོད་པ་	VERB
འོ་	གོ་	PART
། །		PUNCT
སྐྱོན་	སྐྱོན་	NOUN
དང་	དང་	NO_POS
།		PUNCT
ཡོན་ཏན་	ཡོན་ཏན་	NOUN
ནི་	ནི་	NO_POS
སྐྱོན་	སྐྱོན་	NOUN
དང་	དང་	NO_POS
ཡོན་ཏན་	ཡོན་ཏན་	NOUN
ཏེ་	སྟེ་	PART
།		PUNCT
ཁྲོ་བ་	ཁྲོ་བ་	VERB
དང་	དང་	NO_POS
།		PUNCT
བཟོད་པ་	བཟོད་པ་	VERB
དག་	དག་	DET
གི་	གི་	PART
སྐྱོན་	སྐྱོན་	NOUN
དང་	དང་	NO_POS
ཡོན་ཏན་	ཡོན་ཏན་	NOUN
གཉིས་	གཉིས་	NUM
ཞེ་	ཅེས་	PART
བྱ་བ་	བྱ་བ་	VERB
འི་	གི་	PART
ཚིག་	ཚིག་	NOUN
རྣམ་པ་	རྣམ་པ་	NOUN
ར་	ལ་	PART
སྦྱར་	སྦྱར་	VERB
རོ་	རོ་	NOUN
། །		PUNCT
ཁྲོ་བ་	ཁྲོ་བ་	VERB
འི་	གི་	PART
སྐྱོན་	སྐྱོན་	NOUN
ནི་	ནི་	NO_POS
ཇི་སྐད་	ཇི་སྐད་	NO_POS
བཤད་པ་	བཤད་པ་	VERB
དང་	དང་	NO_POS
ཟློག་པ་	ཟློག་པ་	VERB
འི་	གི་	PART
སྒོ་	སྒོ་	NOUN
ན་	ནས་	PART
བཟོད་པ་	བཟོད་པ་	VERB
འི་	གི་	PART
ཡོན་ཏན་	ཡོན་ཏན་	NOUN
ཁོང་	ཁོང་	PRON
དུ་	ལ་	PART
ཆུད་པ་	ཆུད་པ་	VERB
ར་	ལ་	PART
བྱ་	བྱ་	VERB
ཏེ་	སྟེ་	PART
།		PUNCT
མི་	མི་	PART
བཟོད་པ་	བཟོད་པ་	VERB
སྤངས་	སྤངས་	VERB
ན་	ནས་	PART
དུས་	དུས་	NOUN
ཐམས་ཅད་	ཐམས་ཅད་	DET
དུ་	ལ་	PART
བཟོད་པ་	བཟོད་པ་	VERB
ཁོ་ན་	ཁོ་ན་	DET
བསྟེན་པ་	བསྟེན་པ་	VERB
ར་	ལ་	PART
བྱ་བ་	བྱ་བ་	VERB
ཡིན་	ཡིན་	NO_POS
ནོ་	གོ་	PART
།།		PUNCT
		
གསུམ་པ་	གསུམ་པ་	NUM
འཇིག་རྟེན་	འཇིག་རྟེན་	NOUN
ལ་	ལ་	ADP
ས་	གིས་	PART
འདའ་	འདའ་	VERB
མ་	མ་	PART
འདའ་	འདའ་	VERB
ཀྱི་	གི་	PART
རྣམ་དབྱེ་	རྣམ་དབྱེ་	OTHER
བསྟན་པ་	བསྟན་པ་	VERB
ནི་	ནི་	NO_POS
།		PUNCT
		
ད་ནི་	ད་ནི་	NO_POS
བཟོད་པ་	བཟོད་པ་	VERB
ལ་	ལ་	PART
ཕ་རོལ་	ཕ་རོལ་	NOUN
ཏུ་	ལ་	PART
ཕྱིན་པ་	ཕྱིན་པ་	VERB
འི་	གི་	PART
རྣམ་པ་	རྣམ་པ་	NOUN
ར་	ལ་	PART
དབྱེ་བ་	དབྱེ་བ་	VERB
བསྟན་པ་	བསྟན་པ་	VERB
འི་	གི་	PART
ཕྱི་	ཕྱི་	OTHER
།		PUNCT
རྫོགས་	རྫོགས་	VERB
སངས་རྒྱས་	སངས་རྒྱས་	NOUN
ཀྱི་	གི་	PART
བྱང་ཆུབ་	བྱང་ཆུབ་	NOUN
ཕྱི་	ཕྱི་	OTHER
བསྔོ་	བསྔོ་	VERB
ཀྱང་	ཀྱང་	PART
།།		PUNCT
གསུམ་	གསུམ་	NUM
དམིགས་	དམིགས་	VERB
ཡོད་	ཡོད་	VERB
ན་	ལ་	PART
དེ་	སྟེ་	PART
ནི་	ནི་	NO_POS
འཇིག་རྟེན་པ་	འཇིག་རྟེན་པ་	NOUN
འོ་	གོ་	PART
།།		PUNCT
སངས་རྒྱས་	སངས་རྒྱས་	NOUN
ཉིད་	ཉིད་	DET
དུ་	ལ་	PART
ཡོངས་སུ་	ཡོངས་སུ་	NO_POS
བསྔོ་	བསྔོ་	VERB
སུ་	ལ་	PART
ཟིན་	ཟིན་	VERB
ཀྱང་	ཀྱང་	PART
།		PUNCT
གང་	གང་	NO_POS
བཟོད་པ་	བཟོད་པ་	VERB
དང་	དང་	NO_POS
།		PUNCT
གང་	གང་	NO_POS
གིས་	གིས་	PART
བཟོད་པ་	བཟོད་པ་	VERB
དང་	དང་	NO_POS
།		PUNCT
སེམས་ཅན་	སེམས་ཅན་	NOUN
གང་དག་	གང་དག་	NO_POS
ལ་	ལ་	PART
བཟོད་པ་	བཟོད་པ་	VERB
གསུམ་པོ་	གསུམ་པོ་	NUM
འདི་	འདི་	DET
ལ་	ལ་	PART
དམིགས་པ་	དམིགས་པ་	VERB
ཡོད་	ཡོད་	VERB
ན་	ལ་	PART
།		PUNCT
བཟོད་པ་	བཟོད་པ་	VERB
དེ་	སྟེ་	PART
ནི་	ནི་	NO_POS
འཇིག་རྟེན་པ་	འཇིག་རྟེན་པ་	NOUN
འི་	གི་	PART
བཟོད་པ་	བཟོད་པ་	VERB
འི་	གི་	PART
ཕ་རོལ་	ཕ་རོལ་	NOUN
ཏུ་	ལ་	PART
ཕྱིན་པ་	ཕྱིན་པ་	VERB
ཞེ་	ཅེས་	PART
བྱ་	བྱ་	VERB
འོ་	གོ་	PART
།།		PUNCT
དམིགས་པ་	དམིགས་པ་	VERB
མེད་	མེད་	VERB
ན་	ལ་	PART
དེ་ཉིད་	དེ་ཉིད་	NOUN
སངས་རྒྱས་	སངས་རྒྱས་	NOUN
ཀྱིས་	གིས་	PART
།།		PUNCT
འཇིག་རྟེན་	འཇིག་རྟེན་	NOUN
འདས་པ་	འདས་པ་	VERB
འི་	གི་	PART
ཕ་རོལ་	ཕ་རོལ་	NOUN
ཕྱིན་	ཕྱིན་	VERB
ཞེ་	ཅེས་	PART
བསྟན་	བསྟན་	VERB
།།		PUNCT
		
		
གཉིས་པ་	གཉིས་པ་	NUM
སྤངས་རྟོགས་	སྤངས་རྟོགས་	NO_POS
ཕྲིན་ལས་	ཕྲིན་ལས་	NOUN
ཀྱི་	གི་	PART
ཡོན་ཏན་	ཡོན་ཏན་	NOUN
གཞན་	གཞན་	DET
བསྟན་པ་	བསྟན་པ་	VERB
ནི་	ནི་	NO_POS
།		PUNCT
		
ས་	ས་	ADP
དེ་	སྟེ་	PART
ལ་	ལ་	PART
བྱང་ཆུབ་	བྱང་ཆུབ་	NOUN
སེམས་དཔ་	སེམས་དཔའ་	NOUN
འི་	གི་	PART
བཟོད་པ་	བཟོད་པ་	VERB
འི་	གི་	PART
ཕ་རོལ་	ཕ་རོལ་	NOUN
ཏུ་	ལ་	PART
ཕྱིན་པ་	ཕྱིན་པ་	VERB
རྣམ་པ་	རྣམ་པ་	NOUN
ར་	ལ་	PART
དག་པ་	དག་པ་	VERB
ར་	ལ་	PART
ཇི་ལྟ་		
འགྱུར་བ་	འགྱུར་བ་	VERB
དེ་བཞིན་	དེ་བཞིན་	OTHER
དུ་	ལ་	PART
།		PUNCT
ས་	ས་	ADP
དེ་	དེ་	DET
ར་	ལ་	PART
རྒྱལ་སྲས་	རྒྱལ་སྲས་	NOUN
བསམ་གཏན་	བསམ་གཏན་	NOUN
མངོན་ཤེས་	མངོན་ཤེས་	NOUN
དང་	དང་	NO_POS
།།		PUNCT
འདོད་ཆགས་	འདོད་ཆགས་	NOUN
ཞེ་སྡང་	ཞེ་སྡང་	NOUN
ཡོངས་སུ་	ཡོངས་སུ་	NO_POS
ཟད་པ་		
འགྱུར་	འགྱུར་	VERB
།།		PUNCT
དེ་	དེ་	DET
ས་	གིས་	PART
ཀྱང་	ཀྱང་	PART
རྟག་	རྟག་	VERB
ཏུ་	ལ་	PART
འཇིག་རྟེན་པ་	འཇིག་རྟེན་པ་	NOUN
ཡི་	གི་	PART
ནི་	ནི་	NO_POS
།།		PUNCT
འདོད་པ་	འདོད་པ་	VERB
འི་	གི་	PART
འདོད་ཆགས་	འདོད་ཆགས་	NOUN
འཇོམས་པ་	འཇོམས་པ་	VERB
ར་	ལ་	PART
ནུས་པ་	ནུས་པ་	VERB
ར་	ལ་	PART
འགྱུར་	འགྱུར་	VERB
།།		PUNCT
		
བསམ་གཏན་	བསམ་གཏན་	NOUN
ཞེ་	ཅེས་	PART
བྱ་བ་	བྱ་བ་	VERB
འི་	གི་	PART
བསམ་གཏན་	བསམ་གཏན་	NOUN
གྱི་	གི་	PART
སྒྲ་	སྒྲ་	NOUN
ནི་	ནི་	NO_POS
ཉེ་བ་		
མཚོན་པ་	མཚོན་པ་	VERB
འི་	གི་	PART
དོན་	དོན་	NOUN
ཏེ་	སྟེ་	PART
།		PUNCT
སྙོམས་པ་		
འཇུག་པ་	འཇུག་པ་	VERB
དང་	དང་	NO_POS
ཚད་	ཚད་	NOUN
མེད་པ་	མེད་པ་	VERB
རྣམས་	རྣམས་	DET
ཀྱང་	ཀྱང་	PART
འཛིན་པ་	འཛིན་པ་	VERB
ཡིན་	ཡིན་	NO_POS
ནོ་	གོ་	PART
།།		PUNCT
ཇི་སྐད་	ཇི་སྐད་	NO_POS
དུ་	ལ་	PART
།		PUNCT
བྱང་ཆུབ་	བྱང་ཆུབ་	NOUN
སེམས་དཔ་	སེམས་དཔའ་	NOUN
འི་	གི་	PART
ས་	ས་	ADP
གསུམ་པ་	གསུམ་པ་	NUM
ལ་	ལ་	ADP
ས་	གིས་	PART
གསུངས་པ་	གསུངས་པ་	VERB
བཞིན་	བཞིན་	NOUN
ཏེ་	སྟེ་	PART
།		PUNCT
བྱང་ཆུབ་	བྱང་ཆུབ་	NOUN
སེམས་དཔ་	སེམས་དཔའ་	NOUN
འི་	གི་	PART
ས་	ས་	ADP
འོད་བྱེད་པ་	འོད་བྱེད་པ་	NO_POS
འདི་	འདི་	DET
ལ་	ལ་	PART
གནས་པ་	གནས་པ་	VERB
འི་	གི་	PART
བྱང་ཆུབ་	བྱང་ཆུབ་	NOUN
སེམས་དཔའ་	སེམས་དཔའ་	NOUN
དེ་	སྟེ་	PART
ནི་	ནི་	NO_POS
།		PUNCT
འདོད་པ་	འདོད་པ་	VERB
རྣམས་	རྣམས་	DET
ལ་	ལ་	ADP
ས་	གིས་	PART
དབེན་པ་	དབེན་པ་	VERB
།		PUNCT
སྡིག་པ་	སྡིག་པ་	VERB
མི་དགེ་བ་	མི་དགེ་བ་	NO_POS
འི་	གི་	PART
ཆོ་	ཆོ་	NOUN
རྣམས་	རྣམས་	DET
ལ་	ལ་	ADP
ས་	གིས་	PART
དབེན་པ་	དབེན་པ་	VERB
།		PUNCT
རྟོག་པ་	རྟོག་པ་	VERB
དང་	དང་	NO_POS
བཅས་པ་	བཅས་པ་	VERB
དཔྱོད་པ་	དཔྱོད་པ་	VERB
དང་	དང་	NO_POS
བཅས་པ་	བཅས་པ་	VERB
དབེན་པ་	དབེན་པ་	VERB
ལ་	ལ་	ADP
ས་	གིས་	PART
སྐྱེས་པ་	སྐྱེས་པ་	VERB
འི་	གི་	PART
དགའ་བ་	དགའ་བ་	VERB
དང་	དང་	NO_POS
བདེ་བ་	བདེ་བ་	VERB
ཅན་	ཅན་	PART
བསམ་གཏན་	བསམ་གཏན་	NOUN
དང་པོ་	དང་པོ་	ADJ
བསྒྲུབས་	བསྒྲུབས་	VERB
ཏེ་	སྟེ་	PART
གནས་	གནས་	NOUN
སོ་	གོ་	PART
"།

།"		PUNCT
དེ་	སྟེ་	PART
རྟོག་པ་	རྟོག་པ་	VERB
དང་	དང་	NO_POS
དཔྱོད་པ་	དཔྱོད་པ་	VERB
དང་	དང་	NO_POS
བྲལ་	བྲལ་	VERB
ཞིང་	ཅིང་	PART
ནང་	ནང་	NOUN
ཡོངས་སུ་	ཡོངས་སུ་	NO_POS
དང་	དང་	NO_POS
སྟེ་	སྟེ་	PART
།		PUNCT
སེམས་	སེམས་	NOUN
ཀྱི་	གི་	PART
རྒྱུད་	རྒྱུད་	NOUN
གཅིག་	གཅིག་	NUM
ཏུ་	ལ་	PART
གྱུར་པ་	གྱུར་པ་	VERB
ས་	གིས་	PART
རྟོག་པ་	རྟོག་པ་	VERB
མེད་པ་	མེད་པ་	VERB
དཔྱོད་པ་	དཔྱོད་པ་	VERB
མེད་པ་	མེད་པ་	VERB
ཏིང་ངེ་འཛིན་	ཏིང་ངེ་འཛིན་	NOUN
ལ་	ལ་	ADP
ས་	གིས་	PART
སྐྱེས་པ་	སྐྱེས་པ་	VERB
འི་	གི་	PART
དགའ་བ་	དགའ་བ་	VERB
དང་	དང་	NO_POS
བདེ་བ་	བདེ་བ་	VERB
ཅན་	ཅན་	PART
བསམ་གཏན་	བསམ་གཏན་	NOUN
གཉིས་པ་	གཉིས་པ་	NUM
བསྒྲུབས་	བསྒྲུབས་	VERB
ཏེ་	སྟེ་	PART
གནས་	གནས་	NOUN
སོ་	གོ་	PART
། །		PUNCT
དེ་	སྟེ་	PART
དགའ་བ་	དགའ་བ་	VERB
འི་	གི་	PART
འདོད་ཆགས་	འདོད་ཆགས་	NOUN
དང་	དང་	NO_POS
བྲལ་བ་	བྲལ་བ་	VERB
ས་	གིས་	PART
བཏང་སྙོམས་	བཏང་སྙོམས་	NOUN
ལ་	ལ་	PART
གནས་	གནས་	NOUN
ཤིང་	ཅིང་	PART
དྲན་པ་	དྲན་པ་	VERB
དང་	དང་	NO_POS
ཤེས་བཞིན་	ཤེས་བཞིན་	NO_POS
ཅན་	ཅན་	PART
ཡིན་	ཡིན་	NO_POS
ཏེ་	སྟེ་	PART
།		PUNCT
བདེ་བ་	བདེ་བ་	VERB
ལུས་	ལུས་	NOUN
ཀྱིས་	གིས་	PART
མྱོང་	མྱོང་	VERB
ལ་	ལ་	PART
འཕགས་པ་	འཕགས་པ་	VERB
རྣམས་	རྣམས་	DET
ཀྱིས་	གིས་	PART
གང་དེ་	གང་དེ་	NO_POS
དྲན་པ་	དྲན་པ་	VERB
དང་	དང་	NO_POS
ལྡན་པ་	ལྡན་པ་	VERB
བདེ་བ་	བདེ་བ་	VERB
ལ་	ལ་	PART
གནས་པ་	གནས་པ་	VERB
བཏང་སྙོམས་པ་	བཏང་སྙོམས་པ་	NOUN
འོ་	གོ་	PART
ཞེ་	ཅེས་	PART
བརྗོད་པ་	བརྗོད་པ་	VERB
སྟེ་	སྟེ་	PART
།		PUNCT
དགའ་བ་	དགའ་བ་	VERB
མེད་པ་	མེད་པ་	VERB
འི་	གི་	PART
བསམ་གཏན་	བསམ་གཏན་	NOUN
གསུམ་པ་	གསུམ་པ་	NUM
བསྒྲུབས་	བསྒྲུབས་	VERB
ཏེ་	སྟེ་	PART
གནས་	གནས་	NOUN
སོ་	གོ་	PART
། །		PUNCT
དེ་	སྟེ་	PART
བདེ་བ་	བདེ་བ་	VERB
ཡང་	ཀྱང་	PART
སྤངས་	སྤངས་	VERB
ཏེ་	སྟེ་	PART
སྔ་	སྔ་	ADV
ན་	ནས་	PART
སྡུག་བསྔལ་	སྡུག་བསྔལ་	NOUN
ཡང་	ཀྱང་	PART
སྤངས་	སྤངས་	VERB
ཤིང་	ཅིང་	PART
ཡིད་	ཡིད་	NOUN
བདེ་བ་	བདེ་བ་	VERB
དང་	དང་	NO_POS
ཡིད་	ཡིད་	NOUN
མི་	མི་	PART
བདེ་བ་	བདེ་བ་	VERB
ཡང་	ཀྱང་	PART
ནུབ་པ་	ནུབ་པ་	VERB
ས་	གིས་	PART
།		PUNCT
བདེ་བ་	བདེ་བ་	VERB
ཡང་	ཀྱང་	PART
མ་	མ་	PART
ཡིན་	ཡིན་	NO_POS
སྡུག་བསྔལ་བ་	སྡུག་བསྔལ་བ་	NOUN
ཡང་	ཀྱང་	PART
མ་ཡིན་པ་	མ་ཡིན་པ་	OTHER
བཏང་སྙོམས་	བཏང་སྙོམས་	NOUN
དང་	དང་	NO_POS
དྲན་པ་	དྲན་པ་	VERB
ཡོངས་སུ་	ཡོངས་སུ་	NO_POS
དག་པ་	དག་པ་	VERB
བསམ་གཏན་	བསམ་གཏན་	NOUN
བཞི་པ་	བཞི་པ་	ADJ
བསྒྲུབས་	བསྒྲུབས་	VERB
ཏེ་	སྟེ་	PART
གནས་	གནས་	NOUN
སོ་	གོ་	PART
ཞེ་	ཅེས་	PART
བྱ་བ་	བྱ་བ་	VERB
དེ་དག་	དེ་དག་	OTHER
ནི་	ནི་	NO_POS
བསམ་གཏན་	བསམ་གཏན་	NOUN
བཞི་པ་	བཞི་པ་	ADJ
འོ་	གོ་	PART
།།		PUNCT
གཟུགས་	གཟུགས་	NOUN
མེད་པ་	མེད་པ་	VERB
འི་	གི་	PART
སྙོམས་པ་		
འཇུག་པ་	འཇུག་པ་	VERB
བཞི་	བཞི་	NUM
ནི་	ནི་	NO_POS
།		PUNCT
འདི་ལྟ་སྟེ་	འདི་ལྟ་སྟེ་	NO_POS
།		PUNCT
དེ་	སྟེ་	PART
རྣམ་པ་	རྣམ་པ་	NOUN
ཐམས་ཅད་	ཐམས་ཅད་	DET
དུ་	ལ་	PART
གཟུགས་	གཟུགས་	NOUN
ཀྱི་	གི་	PART
འདུ་ཤེས་	འདུ་ཤེས་	NOUN
ལ་	ལ་	ADP
ས་	གིས་	PART
ཡང་དག་པ་	ཡང་དག་པ་	ADJ
ར་	ལ་	PART
འདའ་	འདའ་	VERB
ཏེ་	སྟེ་	PART
།		PUNCT
ཐོགས་པ་	ཐོགས་པ་	VERB
འི་	གི་	PART
འདུ་ཤེས་	འདུ་ཤེས་	NOUN
རྣམས་	རྣམས་	DET
ནུབ་པ་	ནུབ་པ་	VERB
ར་	ལ་	PART
གྱུར་	གྱུར་	VERB
ཅིང་	ཅིང་	PART
།		PUNCT
སྣ་ཚོགས་	སྣ་ཚོགས་	DET
ཀྱི་	གི་	PART
འདུ་ཤེས་	འདུ་ཤེས་	NOUN
ཡིད་	ཡིད་	NOUN
ལ་	ལ་	PART
མི་	མི་	PART
བྱེད་པ་	བྱེད་པ་	VERB
ས་	གིས་	PART
ནམ་མཁའ་	ནམ་མཁའ་	NOUN
མཐའ་	མཐའ་	NOUN
ཡ་		
སོ་	གོ་	PART
སྙམ་	སྙམ་	VERB
ན་	ནས་	PART
ནམ་མཁའ་	ནམ་མཁའ་	NOUN
མཐའ་	མཐའ་	NOUN
ཡ་		
སྐྱེ་མཆེད་	སྐྱེ་མཆེད་	NOUN
བསྒྲུབས་	བསྒྲུབས་	VERB
ཏེ་	སྟེ་	PART
གནས་	གནས་	NOUN
སོ་	གོ་	PART
། །		PUNCT
དེ་	སྟེ་	PART
རྣམ་པ་	རྣམ་པ་	NOUN
ཐམས་ཅད་	ཐམས་ཅད་	DET
དུ་	ལ་	PART
ནམ་མཁའ་	ནམ་མཁའ་	NOUN
མཐའ་	མཐའ་	NOUN
ཡ་		
སྐྱེ་མཆེད་	སྐྱེ་མཆེད་	NOUN
ལ་	ལ་	ADP
ས་	གིས་	PART
ཡང་དག་པ་	ཡང་དག་པ་	ADJ
ར་	ལ་	PART
འདའ་	འདའ་	VERB
ཏེ་	སྟེ་	PART
།		PUNCT
རྣམ་པ་	རྣམ་པ་	NOUN
ར་	ལ་	PART
ཤེས་པ་	ཤེས་པ་	VERB
མཐའ་	མཐའ་	NOUN
ཡ་		
སོ་	གོ་	PART
སྙམ་	སྙམ་	VERB
ན་	ནས་	PART
རྣམ་ཤེས་	རྣམ་ཤེས་	NOUN
མཐའ་	མཐའ་	NOUN
ཡ་		
སྐྱེ་མཆེད་	སྐྱེ་མཆེད་	NOUN
བསྒྲུབས་	བསྒྲུབས་	VERB
ཏེ་	སྟེ་	PART
གནས་	གནས་	NOUN
སོ་	གོ་	PART
། །		PUNCT
དེ་	སྟེ་	PART
རྣམ་པ་	རྣམ་པ་	NOUN
ཐམས་ཅད་	ཐམས་ཅད་	DET
དུ་	ལ་	PART
རྣམ་ཤེས་	རྣམ་ཤེས་	NOUN
མཐའ་	མཐའ་	NOUN
ཡ་		
སྐྱེ་མཆེད་	སྐྱེ་མཆེད་	NOUN
ལ་	ལ་	ADP
ས་	གིས་	PART
ཡང་དག་པ་	ཡང་དག་པ་	ADJ
ར་	ལ་	PART
འདའ་	འདའ་	VERB
ཏེ་	སྟེ་	PART
།		PUNCT
ཅི་ཡང་	ཅི་ཡང་	OTHER
མེད་	མེད་	VERB
དོ་	གོ་	PART
སྙམ་	སྙམ་	VERB
ན་	ནས་	PART
ཅི་ཡང་	ཅི་ཡང་	OTHER
མེད་པ་	མེད་པ་	VERB
འི་	གི་	PART
སྐྱེ་མཆེད་	སྐྱེ་མཆེད་	NOUN
བསྒྲུབས་	བསྒྲུབས་	VERB
ཏེ་	སྟེ་	PART
གནས་	གནས་	NOUN
སོ་	གོ་	PART
། །		PUNCT
དེ་	སྟེ་	PART
རྣམ་པ་	རྣམ་པ་	NOUN
ཐམས་ཅད་	ཐམས་ཅད་	DET
དུ་	ལ་	PART
ཅི་ཡང་	ཅི་ཡང་	OTHER
མེད་པ་	མེད་པ་	VERB
འི་	གི་	PART
སྐྱེ་མཆེད་	སྐྱེ་མཆེད་	NOUN
ལ་	ལ་	ADP
ས་	གིས་	PART
ཡང་དག་པ་	ཡང་དག་པ་	ADJ
ར་	ལ་	PART
འདའ་	འདའ་	VERB
ཏེ་	སྟེ་	PART
།		PUNCT
འདུ་ཤེས་	འདུ་ཤེས་	NOUN
མེད་	མེད་	VERB
འདུ་ཤེས་	འདུ་ཤེས་	NOUN
མེད་པ་	མེད་པ་	VERB
ཡང་	ཀྱང་	PART
མ་	མ་	PART
ཡིན་	ཡིན་	NO_POS
ནོ་	གོ་	PART
སྙམ་	སྙམ་	VERB
སྟེ་	སྟེ་	PART
འདུ་ཤེས་	འདུ་ཤེས་	NOUN
མེད་	མེད་	VERB
འདུ་ཤེས་	འདུ་ཤེས་	NOUN
མེད་	མེད་	VERB
མིན་	མིན་	AUX
སྐྱེ་མཆེད་	སྐྱེ་མཆེད་	NOUN
བསྒྲུབས་	བསྒྲུབས་	VERB
ཏེ་	སྟེ་	PART
གནས་	གནས་	NOUN
སོ་	གོ་	PART
ཞེ་	ཅེས་	PART
བྱ་	བྱ་	VERB
སྟེ་	སྟེ་	PART
།		PUNCT
འདི་དག་	འདི་དག་	NO_POS
ནི་	ནི་	NO_POS
གཟུགས་	གཟུགས་	NOUN
མེད་པ་	མེད་པ་	VERB
འི་	གི་	PART
སྙོམས་པ་		
འཇུག་པ་	འཇུག་པ་	VERB
བཞི་	བཞི་	NUM
འོ་	གོ་	PART
།།		PUNCT
ཚད་	ཚད་	NOUN
མེད་པ་	མེད་པ་	VERB
བཞི་	བཞི་	NUM
ནི་	ནི་	NO_POS
།		PUNCT
འདི་ལྟ་སྟེ་	འདི་ལྟ་སྟེ་	NO_POS
།		PUNCT
བྱམས་པ་	བྱམས་པ་	PROPN
དང་	དང་	NO_POS
ལྡན་པ་	ལྡན་པ་	VERB
འི་	གི་	PART
སེམས་	སེམས་	NOUN
ཡངས་པ་	ཡངས་པ་	ADJ
རྒྱ་ཆེན་པོ་	རྒྱ་ཆེན་པོ་	ADJ
ར་	ལ་	PART
གྱུར་པ་	གྱུར་པ་	VERB
།		PUNCT
མི་	མི་	PART
གཉིས་པ་	གཉིས་པ་	NUM
།		PUNCT
ཚད་	ཚད་	NOUN
མེད་པ་	མེད་པ་	VERB
།		PUNCT
འཁོན་	འཁོན་	VERB
མེད་པ་	མེད་པ་	VERB
།		PUNCT
འགྲན་ཟླ་	འགྲན་ཟླ་	NOUN
མེད་པ་	མེད་པ་	VERB
།		PUNCT
སྒྲིབ་པ་	སྒྲིབ་པ་	VERB
མེད་པ་	མེད་པ་	VERB
།		PUNCT
གནོད་པ་	གནོད་པ་	VERB
མེད་པ་	མེད་པ་	VERB
ཐམས་ཅད་	ཐམས་ཅད་	DET
དུ་	ལ་	PART
ཁྱབ་པ་	ཁྱབ་པ་	VERB
ས་	གིས་	PART
ཆོ་	ཆོ་	NOUN
ཀྱི་	གི་	PART
དབྱིངས་	དབྱིངས་	NOUN
ཀྱིས་	གིས་	PART
ཀླས་པ་	ཀླས་པ་	NO_POS
།		PUNCT
ནམ་མཁ་	ནམ་མཁའ་	NOUN
འི་	གི་	PART
ཁམས་	ཁམས་	NOUN
ཀྱི་	གི་	PART
མཐས་གཏུགས་པ་	མཐས་གཏུགས་པ་	NO_POS
ཐམས་ཅད་	ཐམས་ཅད་	DET
དང་	དང་	NO_POS
ལྡན་པ་	ལྡན་པ་	VERB
འི་	གི་	PART
འཇིག་རྟེན་	འཇིག་རྟེན་	NOUN
ཁྱབ་པ་	ཁྱབ་པ་	VERB
ར་	ལ་	PART
བྱ་	བྱ་	VERB
ན་	ནས་	PART
བསྒྲུབས་	བསྒྲུབས་	VERB
ཏེ་	སྟེ་	PART
གནས་	གནས་	NOUN
སོ་	གོ་	PART
། །		PUNCT
དེ་བཞིན་	དེ་བཞིན་	OTHER
དུ་	ལ་	PART
སྙིང་རྗེ་	སྙིང་རྗེ་	NOUN
དང་	དང་	NO_POS
ལྡན་པ་	ལྡན་པ་	VERB
དང་	དང་	NO_POS
།		PUNCT
དགའ་བ་	དགའ་བ་	VERB
དང་	དང་	NO_POS
ལྡན་པ་	ལྡན་པ་	VERB
དང་	དང་	NO_POS
།		PUNCT
བཏང་སྙོམས་	བཏང་སྙོམས་	NOUN
དང་	དང་	NO_POS
ལྡན་པ་	ལྡན་པ་	VERB
འི་	གི་	PART
སེམས་	སེམས་	NOUN
ཡངས་པ་	ཡངས་པ་	ADJ
ཞེ་	ཅེས་	PART
བྱ་བ་	བྱ་བ་	VERB
ནི་	ནི་	NO_POS
སྔ་མ་	སྔ་མ་	ADJ
བཞིན་	བཞིན་	NOUN
ནོ་	གོ་	PART
།།		PUNCT
མངོན་པ་	མངོན་པ་	OTHER
ཤེས་པ་	ཤེས་པ་	VERB
ལྔ་	ལྔ་	NUM
ནི་	ནི་	NO_POS
།		PUNCT
འདི་ལྟ་སྟེ་	འདི་ལྟ་སྟེ་	NO_POS
།		PUNCT
དེ་	སྟེ་	PART
རྫུ་འཕྲུལ་	རྫུ་འཕྲུལ་	NOUN
བྱ་བ་	བྱ་བ་	VERB
རྣམ་པ་	རྣམ་པ་	NOUN
དུ་མ་	དུ་མ་	ADJ
མྱོང་བ་	མྱོང་བ་	VERB
ར་	ལ་	PART
བྱེད་	བྱེད་	VERB
དེ་	དེ་	DET
ས་	གིས་	PART
ཡང་	ཀྱང་	PART
གཡོ་	གཡོ་	VERB
བ་	བ་	NOUN
བྱེད་	བྱེད་	VERB
དོ་	གོ་	PART
། །		PUNCT
གཅིག་	གཅིག་	NUM
ཏུ་	ལ་	PART
གྱུར་	གྱུར་	VERB
ན་	ནས་	PART
མང་པོ་	མང་པོ་	ADJ
ར་	ལ་	PART
འགྱུར་	འགྱུར་	VERB
རོ་	རོ་	NOUN
། །		PUNCT
མང་པོ་	མང་པོ་	ADJ
ར་	ལ་	PART
གྱུར་	གྱུར་	VERB
ན་	ནས་	PART
གཅིག་	གཅིག་	NUM
ཏུ་	ལ་	PART
འགྱུར་	འགྱུར་	VERB
རོ་	རོ་	NOUN
། །		PUNCT
སྣང་བ་	སྣང་བ་	VERB
ར་	ལ་	PART
འགྱུར་	འགྱུར་	VERB
ཞིང་	ཅིང་	PART
མི་སྣང་བ་	མི་སྣང་བ་	NO_POS
ར་	ལ་	PART
འགྱུར་	འགྱུར་	VERB
རོ་	རོ་	NOUN
། །		PUNCT
རྩིག་པ་	རྩིག་པ་	VERB
ལ་	ལ་	PART
ཡང་	ཀྱང་	PART
ཐད་ཀ་	ཐད་ཀ་	NOUN
ར་	ལ་	PART
འགྲོ་	འགྲོ་	VERB
། །		PUNCT
ར་བ་	ར་བ་	NOUN
ལ་	ལ་	PART
ཡང་	ཀྱང་	PART
ཐད་ཀ་	ཐད་ཀ་	NOUN
ར་	ལ་	PART
འགྲོ་	འགྲོ་	VERB
།		PUNCT
རི་	རི་	NOUN
ལ་	ལ་	PART
ཡང་	ཀྱང་	PART
མི་	མི་	PART
ཐོགས་པ་	ཐོགས་པ་	VERB
ར་	ལ་	PART
ཐད་ཀ་	ཐད་ཀ་	NOUN
ར་	ལ་	PART
འགྲོ་	འགྲོ་	VERB
སྟེ་	སྟེ་	PART
དཔེར་ན་	དཔེར་ན་	NO_POS
ནམ་མཁའ་	ནམ་མཁའ་	NOUN
ལ་	ལ་	PART
བྱ་བ་	བྱ་བ་	VERB
བཞིན་	བཞིན་	NOUN
ནོ་	གོ་	PART
། །		PUNCT
ནམ་མཁའ་	ནམ་མཁའ་	NOUN
ལ་	ལ་	PART
ཡང་	ཀྱང་	PART
སྐྱིལ་མོ་ཀྲུང་	སྐྱིལ་མོ་ཀྲུང་	NOUN
གིས་	གིས་	PART
འགྲོ་	འགྲོ་	VERB
སྟེ་	སྟེ་	PART
དཔེར་ན་	དཔེར་ན་	NO_POS
འདབ་ཆགས་	འདབ་ཆགས་	OTHER
བྱ་	བྱ་	VERB
བཞིན་	བཞིན་	NOUN
ནོ་	གོ་	PART
། །		PUNCT
ས་	ས་	ADP
ལ་	ལ་	PART
ཡང་	ཀྱང་	PART
སྟེང་	སྟེང་	NOUN
དུ་	ལ་	PART
འབྱུང་བ་	འབྱུང་བ་	VERB
དང་	དང་	NO_POS
བྱིའུ་	བྱིའུ་	NOUN
འཛུལ་	འཛུལ་	NO_POS
བྱེད་	བྱེད་	VERB
དེ་	སྟེ་	PART
།		PUNCT
དཔེར་ན་	དཔེར་ན་	NO_POS
ཆུ་	ཆུ་	NOUN
ལ་	ལ་	PART
བྱ་བ་	བྱ་བ་	VERB
བཞིན་	བཞིན་	NOUN
ནོ་	གོ་	PART
། །		PUNCT
ཆུ་	ཆུ་	NOUN
ལ་	ལ་	PART
ཡང་	ཀྱང་	PART
མི་	མི་	PART
ནུབ་པ་	ནུབ་པ་	VERB
ར་	ལ་	PART
འགྲོ་	འགྲོ་	VERB
སྟེ་	སྟེ་	PART
།		PUNCT
དཔེར་ན་	དཔེར་ན་	NO_POS
།		PUNCT
ས་	ས་	ADP
ལ་	ལ་	PART
བྱ་བ་	བྱ་བ་	VERB
བཞིན་	བཞིན་	NOUN
ནོ་	གོ་	PART
། །		PUNCT
དུ་བ་	དུ་བ་	NOUN
འཐུལ་བ་	འཐུལ་བ་	VERB
ར་	ལ་	PART
ཡང་	ཀྱང་	PART
བྱེད་	བྱེད་	VERB
འབར་བ་	འབར་བ་	VERB
ར་	ལ་	PART
ཡང་	ཀྱང་	PART
བྱེད་	བྱེད་	VERB
དེ་	སྟེ་	PART
།		PUNCT
དཔེར་ན་	དཔེར་ན་	NO_POS
།		PUNCT
མེ་	མེ་	NOUN
འི་	གི་	PART
ཕུང་པོ་	ཕུང་པོ་	NOUN
ཆེན་པོ་	ཆེན་པོ་	ADJ
བཞིན་	བཞིན་	NOUN
ནོ་	གོ་	PART
། །		PUNCT
བདག་	བདག་	PRON
གི་	གི་	PART
ལུས་	ལུས་	NOUN
ལ་	ལ་	PART
ཆུ་	ཆུ་	NOUN
འི་	གི་	PART
རྒྱུན་	རྒྱུན་	NOUN
ཆེན་པོ་	ཆེན་པོ་	ADJ
འབྱིན་	འབྱིན་	VERB
ཏེ་	སྟེ་	PART
།		PUNCT
དཔེར་ན་	དཔེར་ན་	NO_POS
།		PUNCT
སྤྲིན་ཆེན་པོ་	སྤྲིན་ཆེན་པོ་	OTHER
བཞིན་	བཞིན་	NOUN
ནོ་	གོ་	PART
། །		PUNCT
ཆུ་	ཆུ་	NOUN
འི་	གི་	PART
རྒྱུན་	རྒྱུན་	NOUN
དེ་དག་	དེ་དག་	OTHER
གིས་	གིས་	PART
ཀྱང་	ཀྱང་	PART
སྟོང་གསུམ་	སྟོང་གསུམ་	OTHER
གྱི་	གི་	PART
སྟོང་	སྟོང་	NUM
ཆེན་པོ་	ཆེན་པོ་	ADJ
འི་	གི་	PART
འཇིག་རྟེན་	འཇིག་རྟེན་	NOUN
གྱི་	གི་	PART
ཁམས་	ཁམས་	NOUN
འདི་	འདི་	DET
ཀུན་	ཀུན་	DET
ཏུ་	ལ་	PART
འབའ་	འབའ་	VERB
ཞིང་	ཅིང་	PART
རབ་ཏུ་	རབ་ཏུ་	NO_POS
འབའ་	འབའ་	VERB
ལ་	ལ་	PART
།		PUNCT
ཀུན་	ཀུན་	DET
ཏུ་	ལ་	PART
རབ་ཏུ་	རབ་ཏུ་	NO_POS
མཆོད་	མཆོད་	VERB
ཅིང་	ཅིང་	PART
འབའ་	འབའ་	VERB
ཏེ་	སྟེ་	PART
མེ་ལྕེ་	མེ་ལྕེ་	OTHER
གཅིག་	གཅིག་	NUM
ཏུ་	ལ་	PART
གྱུར་བ་	གྱུར་བ་	VERB
ཞི་བ་	ཞི་བ་	VERB
ར་	ལ་	PART
བྱེད་	བྱེད་	VERB
དོ་	གོ་	PART
། །		PUNCT
ཟླ་བ་	ཟླ་བ་	NOUN
དང་	དང་	NO_POS
ཉི་མ་	ཉི་མ་	NOUN
འདི་ལྟར་	འདི་ལྟར་	NO_POS
རྫུ་འཕྲུལ་	རྫུ་འཕྲུལ་	NOUN
ཆེ་བ་	ཆེ་བ་	VERB
འདི་ལྟར་	འདི་ལྟར་	NO_POS
མཐུ་	མཐུ་	NOUN
ཆེ་བ་	ཆེ་བ་	VERB
འདི་	འདི་	DET
གཉིས་	གཉིས་	NUM
ལ་	ལ་	PART
ཡང་	ཀྱང་	PART
ལག་པ་	ལག་པ་	NOUN
ས་	གིས་	PART
འཛིན་	འཛིན་	VERB
ཞིང་	ཅིང་	PART
ཀུན་	ཀུན་	DET
ཏུ་	ལ་	PART
ཉུག་པ་	ཉུག་པ་	NO_POS
ར་	ལ་	PART
བྱེད་	བྱེད་	VERB
དོ་	གོ་	PART
། །		PUNCT
ཚངས་པ་	ཚངས་པ་	PROPN
འི་	གི་	PART
འཇིག་རྟེན་	འཇིག་རྟེན་	NOUN
གྱི་	གི་	PART
བ་	བ་	NOUN
དུ་	ལ་	PART
ཡང་	ཀྱང་	PART
ལུས་	ལུས་	NOUN
ཀྱིས་	གིས་	PART
དབང་	དབང་	NOUN
བསྒྱུར་	བསྒྱུར་	VERB
རོ་	རོ་	NOUN
ཞེ་	ཅེས་	PART
བྱ་བ་	བྱ་བ་	VERB
འདི་	འདི་	DET
ནི་	ནི་	NO_POS
རྫུ་འཕྲུལ་	རྫུ་འཕྲུལ་	NOUN
གྱི་	གི་	PART
མངོན་པ་	མངོན་པ་	OTHER
ཤེས་པ་	ཤེས་པ་	VERB
འོ་	གོ་	PART
"།

།"		PUNCT
དེ་	སྟེ་	PART
ལྷ་	ལྷ་	NOUN
འི་	གི་	PART
རྣ་བ་	རྣ་བ་	NOUN
འི་	གི་	PART
ཁམས་	ཁམས་	NOUN
རྣམ་པ་	རྣམ་པ་	NOUN
ར་	ལ་	PART
དག་པ་	དག་པ་	VERB
མི་ལ་	མི་ལ་	PROPN
ས་	གིས་	PART
འདས་པ་	འདས་པ་	VERB
ས་	གིས་	PART
ལྷ་	ལྷ་	NOUN
དང་	དང་	NO_POS
མི་	མི་	PART
གཉིས་ཀ་	གཉིས་ཀ་	OTHER
འི་	གི་	PART
སྒྲ་	སྒྲ་	NOUN
ཡང་	ཀྱང་	PART
ཐོ་	ཐོ་	VERB
སོ་	གོ་	PART
། །		PUNCT
ཕྲ་བ་	ཕྲ་བ་	VERB
དང་	དང་	NO_POS
།		PUNCT
རྒྱ་ཆེ་བ་	རྒྱ་ཆེ་བ་	NO_POS
དང་	དང་	NO_POS
།		PUNCT
གང་དག་	གང་དག་	NO_POS
རིང་	རིང་	NOUN
ཡང་	ཀྱང་	PART
རུང་	རུང་	SCONJ
ཉེ་	ཉེ་	VERB
ཡང་	ཀྱང་	PART
རུང་	རུང་	SCONJ
།		PUNCT
ཐ་ན་	ཐ་ན་	NO_POS
སྦྲང་བུ་	སྦྲང་བུ་	NOUN
དང་	དང་	NO_POS
།		PUNCT
ཤ་སྦྲང་	ཤ་སྦྲང་	NO_POS
དང་	དང་	NO_POS
།		PUNCT
བུང་བ་	བུང་བ་	NOUN
དང་	དང་	NO_POS
།		PUNCT
སྲིན་བུ་	སྲིན་བུ་	NOUN
རྣམས་	རྣམས་	DET
ཀྱི་	གི་	PART
སྒྲ་	སྒྲ་	NOUN
ཡང་	ཀྱང་	PART
ཐོ་	ཐོ་	VERB
སོ་	གོ་	PART
། །		PUNCT
འདི་	འདི་	DET
ནི་	ནི་	NO_POS
ལྷ་	ལྷ་	NOUN
འི་	གི་	PART
རྣ་བ་	རྣ་བ་	NOUN
འི་	གི་	PART
མངོན་པ་	མངོན་པ་	OTHER
ཤེས་པ་	ཤེས་པ་	VERB
འོ་	གོ་	PART
། །		PUNCT
དེ་	སྟེ་	PART
སེམས་ཅན་	སེམས་ཅན་	NOUN
གཞན་དག་	གཞན་དག་	NO_POS
དང་	དང་	NO_POS
གང་ཟག་	གང་ཟག་	NOUN
གཞན་	གཞན་	DET
རྣམས་	རྣམས་	DET
ཀྱི་	གི་	PART
སེམས་	སེམས་	NOUN
དང་སེམས་	དང་སེམས་	NO_POS
ཀྱི་	གི་	PART
ཡང་དག་པ་	ཡང་དག་པ་	ADJ
ཇི་ལྟ་བ་	ཇི་ལྟ་བ་	ADJ
བཞིན་	བཞིན་	NOUN
དུ་	ལ་	PART
རབ་ཏུ་	རབ་ཏུ་	NO_POS
ཤེ་	ཤེ་	VERB
ཏེ་	སྟེ་	PART
།		PUNCT
འདོད་ཆགས་	འདོད་ཆགས་	NOUN
དང་	དང་	NO_POS
བཅས་པ་	བཅས་པ་	VERB
འི་	གི་	PART
སེམས་	སེམས་	NOUN
ལ་	ལ་	PART
ཡང་	ཀྱང་	PART
འདོད་ཆགས་	འདོད་ཆགས་	NOUN
དང་	དང་	NO_POS
བཅས་པ་	བཅས་པ་	VERB
འི་	གི་	PART
སེམས་	སེམས་	NOUN
སུ་	ལ་	PART
ཡང་དག་པ་	ཡང་དག་པ་	ADJ
ཇི་ལྟ་བ་	ཇི་ལྟ་བ་	ADJ
བཞིན་	བཞིན་	NOUN
དུ་	ལ་	PART
རབ་ཏུ་	རབ་ཏུ་	NO_POS
ཤེ་	ཤེ་	VERB
སོ་	གོ་	PART
། །		PUNCT
འདོད་ཆགས་	འདོད་ཆགས་	NOUN
དང་	དང་	NO_POS
བྲལ་བ་	བྲལ་བ་	VERB
འི་	གི་	PART
སེམས་	སེམས་	NOUN
ལ་	ལ་	PART
ཡང་	ཀྱང་	PART
འདོད་ཆགས་	འདོད་ཆགས་	NOUN
དང་	དང་	NO_POS
བྲལ་བ་	བྲལ་བ་	VERB
འི་	གི་	PART
སེམས་	སེམས་	NOUN
སུ་	ལ་	PART
ཡང་དག་པ་	ཡང་དག་པ་	ADJ
ཇི་ལྟ་བ་	ཇི་ལྟ་བ་	ADJ
བཞིན་	བཞིན་	NOUN
དུ་	ལ་	PART
རབ་ཏུ་	རབ་ཏུ་	NO_POS
ཤེ་	ཤེ་	VERB
སོ་	གོ་	PART
། །		PUNCT
དེ་བཞིན་	དེ་བཞིན་	OTHER
དུ་	ལ་	PART
ཞེ་སྡང་	ཞེ་སྡང་	NOUN
དང་	དང་	NO_POS
བཅས་པ་	བཅས་པ་	VERB
དང་	དང་	NO_POS
ཞེ་སྡང་	ཞེ་སྡང་	NOUN
དང་	དང་	NO_POS
བྲལ་བ་	བྲལ་བ་	VERB
དང་	དང་	NO_POS
།		PUNCT
གཏི་མུག་	གཏི་མུག་	NOUN
དང་	དང་	NO_POS
བཅས་པ་	བཅས་པ་	VERB
དང་	དང་	NO_POS
།		PUNCT
གཏི་མུག་	གཏི་མུག་	NOUN
དང་	དང་	NO_POS
བྲལ་བ་	བྲལ་བ་	VERB
དང་	དང་	NO_POS
།		PUNCT
ཉོན་མོངས་པ་	ཉོན་མོངས་པ་	NOUN
དང་	དང་	NO_POS
བཅས་པ་	བཅས་པ་	VERB
དང་	དང་	NO_POS
།		PUNCT
ཉོན་མོངས་པ་	ཉོན་མོངས་པ་	NOUN
མེད་པ་	མེད་པ་	VERB
དང་	དང་	NO_POS
།		PUNCT
ཆུང་བ་	ཆུང་བ་	VERB
དང་	དང་	NO_POS
།		PUNCT
ཡངས་པ་	ཡངས་པ་	ADJ
དང་	དང་	NO_POS
།		PUNCT
ཆེན་པོ་	ཆེན་པོ་	ADJ
ར་	ལ་	PART
གྱུར་པ་	གྱུར་པ་	VERB
དང་	དང་	NO_POS
།		PUNCT
ཚད་	ཚད་	NOUN
མེད་པ་	མེད་པ་	VERB
དང་	དང་	NO_POS
།		PUNCT
བསྡུས་པ་	བསྡུས་པ་	VERB
དང་	དང་	NO_POS
།		PUNCT
རྒྱས་པ་	རྒྱས་པ་	VERB
དང་	དང་	NO_POS
།		PUNCT
མཉམ་པ་	མཉམ་པ་	VERB
ར་	ལ་	PART
བཞག་པ་	བཞག་པ་	VERB
དང་	དང་	NO_POS
།		PUNCT
མཉམ་པ་	མཉམ་པ་	VERB
ར་	ལ་	PART
མ་	མ་	PART
བཞག་པ་	བཞག་པ་	VERB
དང་	དང་	NO_POS
།		PUNCT
རྣམ་པ་	རྣམ་པ་	NOUN
ར་	ལ་	PART
གྲོལ་བ་	གྲོལ་བ་	VERB
དང་	དང་	NO_POS
།		PUNCT
རྣམ་པ་	རྣམ་པ་	NOUN
ར་	ལ་	PART
མ་	མ་	PART
གྲོལ་བ་	གྲོལ་བ་	VERB
དང་	དང་	NO_POS
།		PUNCT
སྐྱོན་	སྐྱོན་	NOUN
ཅན་	ཅན་	PART
དང་	དང་	NO_POS
།		PUNCT
སྐྱོན་མེད་པ་	སྐྱོན་མེད་པ་	ADJ
དང་	དང་	NO_POS
།		PUNCT
སེམས་	སེམས་	NOUN
རགས་པ་	རགས་པ་	VERB
ལ་	ལ་	PART
ཡང་	ཀྱང་	PART
སེམས་	སེམས་	NOUN
རགས་པ་	རགས་པ་	VERB
འོ་	གོ་	PART
ཞེ་	ཅེས་	PART
ཡང་དག་པ་	ཡང་དག་པ་	ADJ
ཇི་ལྟ་བ་	ཇི་ལྟ་བ་	ADJ
བཞིན་	བཞིན་	NOUN
དུ་	ལ་	PART
རབ་ཏུ་	རབ་ཏུ་	NO_POS
ཤེ་	ཤེ་	VERB
སོ་	གོ་	PART
། །		PUNCT
སེམས་	སེམས་	NOUN
རགས་པ་	རགས་པ་	VERB
མ་ཡིན་པ་	མ་ཡིན་པ་	OTHER
ལ་	ལ་	PART
ཡང་	ཀྱང་	PART
སེམས་	སེམས་	NOUN
རགས་པ་	རགས་པ་	VERB
མ་ཡིན་པ་	མ་ཡིན་པ་	OTHER
འོ་	གོ་	PART
ཞེ་	ཅེས་	PART
ཡང་དག་པ་	ཡང་དག་པ་	ADJ
ཇི་ལྟ་བ་	ཇི་ལྟ་བ་	ADJ
བཞིན་	བཞིན་	NOUN
དུ་	ལ་	PART
རབ་ཏུ་	རབ་ཏུ་	NO_POS
ཤེ་	ཤེ་	VERB
སོ་	གོ་	PART
།།		PUNCT
དེ་ལྟ་	དེ་ལྟ་	NO_POS
ན་	ལ་	PART
སེམས་ཅན་	སེམས་ཅན་	NOUN
གཞན་དག་	གཞན་དག་	NO_POS
དང་	དང་	NO_POS
གང་ཟག་	གང་ཟག་	NOUN
གཞན་	གཞན་	DET
རྣམས་	རྣམས་	DET
ཀྱི་	གི་	PART
སེམས་	སེམས་	NOUN
སེམས་	སེམས་	NOUN
ཀྱིས་	གིས་	PART
ཡང་དག་པ་	ཡང་དག་པ་	ADJ
ཇི་ལྟ་བ་	ཇི་ལྟ་བ་	ADJ
བཞིན་	བཞིན་	NOUN
དུ་	ལ་	PART
རབ་ཏུ་	རབ་ཏུ་	NO_POS
ཤེ་	ཤེ་	VERB
སོ་	གོ་	PART
ཞེ་	ཅེས་	PART
བྱ་བ་	བྱ་བ་	VERB
འདི་	འདི་	DET
ནི་	ནི་	NO_POS
གཞན་	གཞན་	DET
གྱི་	གི་	PART
སེམས་ཤེས་པ་	སེམས་ཤེས་པ་	NO_POS
འི་	གི་	PART
མངོན་པ་	མངོན་པ་	OTHER
ཤེས་པ་	ཤེས་པ་	VERB
འོ་	གོ་	PART
། །		PUNCT
དེ་	སྟེ་	PART
སྔོན་	སྔོན་	ADV
གྱི་	གི་	PART
གནས་	གནས་	NOUN
རྣམ་པ་	རྣམ་པ་	NOUN
དུ་མ་	དུ་མ་	ADJ
རྗེས་སུ་	རྗེས་སུ་	OTHER
དྲན་	དྲན་	VERB
ཏེ་	སྟེ་	PART
།		PUNCT
ཚེ་རབས་	ཚེ་རབས་	NOUN
གཅིག་	གཅིག་	NUM
ཀྱང་	ཀྱང་	PART
རྗེས་སུ་	རྗེས་སུ་	OTHER
དྲན་	དྲན་	VERB
ནོ་	གོ་	PART
། །		PUNCT
ཚེ་རབས་	ཚེ་རབས་	NOUN
གཉིས་	གཉིས་	NUM
དང་	དང་	NO_POS
།		PUNCT
གསུམ་	གསུམ་	NUM
དང་	དང་	NO_POS
།		PUNCT
བཞི་	བཞི་	NUM
དང་	དང་	NO_POS
།		PUNCT
ལྔ་	ལྔ་	NUM
དང་	དང་	NO_POS
།		PUNCT
བཅུ་	བཅུ་	NUM
དང་	དང་	NO_POS
།		PUNCT
ཉི་ཤུ་	ཉི་ཤུ་	NUM
དང་	དང་	NO_POS
།		PUNCT
སུམ་ཅུ་	སུམ་ཅུ་	OTHER
དང་	དང་	NO_POS
།		PUNCT
བཞི་	བཞི་	NUM
བཅུ་	བཅུ་	NUM
དང་	དང་	NO_POS
།		PUNCT
ལྔ་	ལྔ་	NUM
བཅུ་	བཅུ་	NUM
དང་	དང་	NO_POS
།		PUNCT
བརྒྱ་	བརྒྱ་	NUM
དང་	དང་	NO_POS
སྟོང་	སྟོང་	NUM
ཡང་	ཀྱང་	PART
རྗེས་སུ་	རྗེས་སུ་	OTHER
དྲན་	དྲན་	VERB
ནོ་	གོ་	PART
། །		PUNCT
ཚེ་རབས་	ཚེ་རབས་	NOUN
བརྒྱ་	བརྒྱ་	NUM
ཕྲག་	ཕྲག་	NUM
དུ་མ་	དུ་མ་	ADJ
དང་	དང་	NO_POS
ཚེ་རབས་	ཚེ་རབས་	NOUN
སྟོང་ཕྲག་	སྟོང་ཕྲག་	OTHER
དུ་མ་	དུ་མ་	ADJ
དང་	དང་	NO_POS
།		PUNCT
ཚེ་རབས་	ཚེ་རབས་	NOUN
འབུམ་ཕྲག་	འབུམ་ཕྲག་	OTHER
དུ་མ་	དུ་མ་	ADJ
དང་	དང་	NO_POS
།		PUNCT
ཚེ་རབས་	ཚེ་རབས་	NOUN
བྱེ་བ་	བྱེ་བ་	NOUN
འབུམ་ཕྲག་	འབུམ་ཕྲག་	OTHER
དུ་མ་	དུ་མ་	ADJ
དང་	དང་	NO_POS
།		PUNCT
ཚེ་རབས་	ཚེ་རབས་	NOUN
བྱེ་བ་	བྱེ་བ་	NOUN
ཁྲག་ཁྲིག་	ཁྲག་ཁྲིག་	NUM
འབུམ་ཕྲག་	འབུམ་ཕྲག་	OTHER
དུ་མ་	དུ་མ་	ADJ
དང་	དང་	NO_POS
།		PUNCT
འཇིག་པ་	འཇིག་པ་	VERB
འི་	གི་	PART
བསྐལ་པ་	བསྐལ་པ་	NOUN
དང་	དང་	NO_POS
།		PUNCT
འཆགས་པ་	འཆགས་པ་	NO_POS
འི་	གི་	PART
བསྐལ་པ་	བསྐལ་པ་	NOUN
དང་	དང་	NO_POS
།		PUNCT
འཇིག་པ་	འཇིག་པ་	VERB
དང་	དང་	NO_POS
།		PUNCT
འཆགས་པ་	འཆགས་པ་	NO_POS
འི་	གི་	PART
བསྐལ་པ་	བསྐལ་པ་	NOUN
དུ་མ་	དུ་མ་	ADJ
ཡང་	ཀྱང་	PART
རྗེས་སུ་	རྗེས་སུ་	OTHER
དྲན་	དྲན་	VERB
ནོ་	གོ་	PART
། །		PUNCT
བསྐལ་པ་	བསྐལ་པ་	NOUN
བརྒྱ་	བརྒྱ་	NUM
ཡང་	ཀྱང་	PART
རྗེས་སུ་	རྗེས་སུ་	OTHER
དྲན་	དྲན་	VERB
ནོ་	གོ་	PART
། །		PUNCT
བསྐལ་པ་	བསྐལ་པ་	NOUN
སྟོང་	སྟོང་	NUM
ཡང་	ཀྱང་	PART
རྗེས་སུ་	རྗེས་སུ་	OTHER
དྲན་	དྲན་	VERB
ནོ་	གོ་	PART
། །		PUNCT
བསྐལ་པ་	བསྐལ་པ་	NOUN
འབུམ་	འབུམ་	NUM
དང་	དང་	NO_POS
།		PUNCT
བསྐལ་པ་	བསྐལ་པ་	NOUN
བྱེ་བ་	བྱེ་བ་	NOUN
དང་	དང་	NO_POS
།		PUNCT
བསྐལ་པ་	བསྐལ་པ་	NOUN
བྱེ་བ་	བྱེ་བ་	NOUN
ཕྲག་	ཕྲག་	NUM
བརྒྱ་	བརྒྱ་	NUM
དང་	དང་	NO_POS
།		PUNCT
བསྐལ་པ་	བསྐལ་པ་	NOUN
བྱེ་བ་	བྱེ་བ་	NOUN
ཕྲག་	ཕྲག་	NUM
སྟོང་	སྟོང་	NUM
དང་	དང་	NO_POS
།		PUNCT
བསྐལ་པ་	བསྐལ་པ་	NOUN
བྱེ་བ་	བྱེ་བ་	NOUN
ཕྲག་	ཕྲག་	NUM
འབུམ་	འབུམ་	NUM
ན་	ནས་	PART
བསྐལ་པ་	བསྐལ་པ་	NOUN
བྱེ་བ་	བྱེ་བ་	NOUN
ཁྲག་ཁྲིག་	ཁྲག་ཁྲིག་	NUM
འབུམ་ཕྲག་	འབུམ་ཕྲག་	OTHER
དུ་མ་	དུ་མ་	ADJ
འི་	གི་	PART
བ་	བ་	NOUN
དུ་	ལ་	PART
རྗེས་སུ་	རྗེས་སུ་	OTHER
དྲན་	དྲན་	VERB
ནོ་	གོ་	PART
། །		PUNCT
ཆེ་གེ་མོ་	ཆེ་གེ་མོ་	ADJ
ཞིག་	ཅིག་	PART
ན་	ལ་	PART
བདག་	བདག་	PRON
མིང་	མིང་	NOUN
ནི་	ནི་	NO_POS
འདི་	འདི་	DET
ཞེ་	ཅེས་	PART
བྱ་བ་	བྱ་བ་	VERB
ར་	ལ་	PART
གྱུར་	གྱུར་	VERB
།		PUNCT
རུས་	རུས་	NOUN
ནི་	ནི་	NO_POS
འདི་	འདི་	DET
ཞེ་	ཅེས་	PART
བྱ་	བྱ་	VERB
།		PUNCT
རིགས་	རིགས་	NOUN
ནི་	ནི་	NO_POS
འདི་	འདི་	DET
ཞེ་	ཅེས་	PART
བྱ་	བྱ་	VERB
།		PUNCT
ཟ་	ཟ་	NOUN
ནི་	ནི་	NO_POS
འདི་	འདི་	DET
ལྟ་བུ་	ལྟ་བུ་	NOUN
ཞིག་	ཅིག་	PART
ཟ་	ཟ་	VERB
ཟ་	ཟ་	VERB
།		PUNCT
ཚེ་	ཚེ་	NOUN
ནི་	ནི་	NO_POS
འདི་ཙམ་	འདི་ཙམ་	NO_POS
ཞིག་	ཅིག་	PART
ཐུབ་	ཐུབ་	VERB
།		PUNCT
ཡུན་	ཡུན་	NOUN
ནི་	ནི་	NO_POS
འདི་	འདི་	DET
སྲིད་	སྲིད་	NOUN
ཅིག་	ཅིག་	PART
གནས་	གནས་	NOUN
གནས་	གནས་	NOUN
།		PUNCT
བདེ་བ་	བདེ་བ་	VERB
དང་	དང་	NO_POS
སྡུག་བསྔལ་	སྡུག་བསྔལ་	NOUN
ནི་	ནི་	NO_POS
འདི་	འདི་	DET
ལྟ་བུ་	ལྟ་བུ་	NOUN
ཞིག་	ཅིག་	PART
མྱོང་	མྱོང་	VERB
ངོ་	གོ་	PART
། །		PUNCT
བདག་	བདག་	PRON
དེ་ནས་	དེ་ནས་	NO_POS
ཤི་འཕོས་	ཤི་འཕོས་	NO_POS
ན་	ནས་	PART
ཆེ་གེ་མོ་	ཆེ་གེ་མོ་	ADJ
ཞིག་	ཅིག་	PART
ཏུ་	ལ་	PART
སྐྱེ་	སྐྱེ་	VERB
སོ་	གོ་	PART
། །		PUNCT
དེ་ནས་	དེ་ནས་	NO_POS
ཤི་འཕོས་	ཤི་འཕོས་	NO_POS
ན་	ནས་	PART
འདི་	འདི་	DET
ར་	ལ་	PART
སྐྱེ་	སྐྱེ་	VERB
སོ་	གོ་	PART
ཞེ་	ཅེས་	PART
རྣམ་པ་	རྣམ་པ་	NOUN
དང་	དང་	NO_POS
བཅའ་	བཅའ་	VERB
དན་རྟགས་	དན་རྟགས་	OTHER
དང་	དང་	NO_POS
བཅའ་	བཅའ་	VERB
རྒྱུ་མཚན་	རྒྱུ་མཚན་	NOUN
དང་	དང་	NO_POS
བཅས་པ་	བཅས་པ་	VERB
ར་	ལ་	PART
སྔོན་	སྔོན་	ADV
གྱི་	གི་	PART
གནས་	གནས་	NOUN
རྣམ་པ་	རྣམ་པ་	NOUN
དུ་མ་	དུ་མ་	ADJ
རྗེས་སུ་	རྗེས་སུ་	OTHER
དྲན་	དྲན་	VERB
ནོ་	གོ་	PART
། །		PUNCT
དེ་	སྟེ་	PART
ནི་	ནི་	NO_POS
སྔོན་	སྔོན་	ADV
གྱི་	གི་	PART
གནས་	གནས་	NOUN
རྗེས་སུ་	རྗེས་སུ་	OTHER
དྲན་པ་	དྲན་པ་	VERB
འི་	གི་	PART
མངོན་པ་	མངོན་པ་	OTHER
ཤེས་པ་	ཤེས་པ་	VERB
འོ་	གོ་	PART
། །		PUNCT
དེ་	དེ་	DET
ས་	གིས་	PART
ལྷ་	ལྷ་	NOUN
འི་	གི་	PART
མིག་	མིག་	NOUN
རྣམ་པ་	རྣམ་པ་	NOUN
ར་	ལ་	PART
དག་པ་	དག་པ་	VERB
མི་ལ་	མི་ལ་	PROPN
ས་	གིས་	PART
འདས་པ་	འདས་པ་	VERB
ས་	གིས་	PART
སེམས་ཅན་	སེམས་ཅན་	NOUN
འཆི་	འཆི་	VERB
འཕོ་བ་	འཕོ་བ་	VERB
དང་	དང་	NO_POS
སྐྱེ་བ་	སྐྱེ་བ་	VERB
དང་	དང་	NO_POS
མདོག་	མདོག་	NOUN
སྡུག་པ་	སྡུག་པ་	VERB
དང་	དང་	NO_POS
མདོག་	མདོག་	NOUN
མི་	མི་	PART
སྡུག་པ་	སྡུག་པ་	VERB
དང་	དང་	NO_POS
བདེ་བ་	བདེ་བ་	VERB
ར་	ལ་	PART
སོང་བ་	སོང་བ་	VERB
དང་	དང་	NO_POS
ངན་པ་	ངན་པ་	VERB
ར་	ལ་	PART
སོང་བ་	སོང་བ་	VERB
དང་	དང་	NO_POS
།		PUNCT
བཟང་པོ་	བཟང་པོ་	ADJ
དང་	དང་	NO_POS
ངན་པ་	ངན་པ་	VERB
རྣམས་	རྣམས་	DET
མཐོང་	མཐོང་	VERB
ངོ་	གོ་	PART
"།

།"		PUNCT
ལ་	ལ་	ADP
ས་	གིས་	PART
ཇི་ལྟ་བ་	ཇི་ལྟ་བ་	ADJ
བཞིན་	བཞིན་	NOUN
དུ་	ལ་	PART
ཉེ་བ་		
འགྲོ་བ་	འགྲོ་བ་	VERB
འི་	གི་	PART
སེམས་ཅན་	སེམས་ཅན་	NOUN
རྣམས་	རྣམས་	DET
ཡང་དག་པ་	ཡང་དག་པ་	ADJ
ཇི་ལྟ་བ་	ཇི་ལྟ་བ་	ADJ
བཞིན་	བཞིན་	NOUN
དུ་	ལ་	PART
རབ་ཏུ་	རབ་ཏུ་	NO_POS
ཤེ་	ཤེ་	VERB
སོ་	གོ་	PART
།།		PUNCT
ཀྱེ་མ་	ཀྱེ་མ་	INTJ
སེམས་ཅན་	སེམས་ཅན་	NOUN
འདི་དག་	འདི་དག་	NO_POS
ནི་	ནི་	NO_POS
ལུས་	ལུས་	NOUN
ཀྱི་	གི་	PART
ཉེས་པ་	ཉེས་པ་	VERB
ར་	ལ་	PART
སྤྱོད་པ་	སྤྱོད་པ་	VERB
དང་	དང་	NO_POS
ལྡན་པ་	ལྡན་པ་	VERB
།		PUNCT
ངག་	ངག་	NOUN
གི་	གི་	PART
ཉེས་པ་	ཉེས་པ་	VERB
ར་	ལ་	PART
སྤྱོད་པ་	སྤྱོད་པ་	VERB
དང་	དང་	NO_POS
ལྡན་པ་	ལྡན་པ་	VERB
།		PUNCT
ཡིད་	ཡིད་	NOUN
ཀྱི་	གི་	PART
ཉེས་པ་	ཉེས་པ་	VERB
ར་	ལ་	PART
སྤྱོད་པ་	སྤྱོད་པ་	VERB
དང་	དང་	NO_POS
ལྡན་པ་	ལྡན་པ་	VERB
།		PUNCT
འཕགས་པ་	འཕགས་པ་	VERB
རྣམས་	རྣམས་	DET
ལ་	ལ་	PART
སྐུར་་	སྐུར་པ་	NOUN
འདེབས་པ་	འདེབས་པ་	VERB
ར་	ལ་	PART
སྤྱོད་པ་	སྤྱོད་པ་	VERB
ལོག་པ་	ལོག་པ་	VERB
ར་	ལ་	PART
ལྟ་བ་	ལྟ་བ་	VERB
ཅན་	ཅན་	PART
དག་	དག་	DET
སྟེ་	སྟེ་	PART
།		PUNCT
ལོག་པ་	ལོག་པ་	VERB
ར་	ལ་	PART
ལྟ་བ་	ལྟ་བ་	VERB
འི་	གི་	PART
ལ་	ལ་	ADP
ས་	གིས་	PART
ཡང་དག་པ་	ཡང་དག་པ་	ADJ
ར་	ལ་	PART
བླངས་པ་	བླངས་པ་	VERB
འི་	གི་	PART
རྒྱུ་	རྒྱུ་	NOUN
ལུས་	ལུས་	NOUN
ཞིག་	ཅིག་	PART
སྟེ་	སྟེ་	PART
ཤི་བ་	ཤི་བ་	VERB
འི་	གི་	PART
འོག་	འོག་	NOUN
ཏུ་	ལ་	PART
ངན་སོང་	ངན་སོང་	NOUN
ངན་འགྲོ་	ངན་འགྲོ་	NOUN
རྣམ་པ་	རྣམ་པ་	NOUN
ར་	ལ་	PART
ལྟུང་བ་	ལྟུང་བ་	VERB
སེམས་ཅན་	སེམས་ཅན་	NOUN
དམྱལ་བ་	དམྱལ་བ་	NOUN
རྣམས་	རྣམས་	DET
སུ་	ལ་	PART
སྐྱེ་	སྐྱེ་	NOUN
འོ་	གོ་	PART
ཞེ་	ཅེས་	PART
བྱ་བ་	བྱ་བ་	VERB
དང་	དང་	NO_POS
།		PUNCT
ཀྱེ་མ་	ཀྱེ་མ་	INTJ
སེམས་ཅན་	སེམས་ཅན་	NOUN
འདི་དག་	འདི་དག་	NO_POS
ནི་	ནི་	NO_POS
ལུས་	ལུས་	NOUN
ཀྱི་	གི་	PART
ལེགས་པ་	ལེགས་པ་	VERB
ར་	ལ་	PART
སྤྱོད་པ་	སྤྱོད་པ་	VERB
དང་	དང་	NO_POS
ལྡན་པ་	ལྡན་པ་	VERB
།		PUNCT
ངག་	ངག་	NOUN
གི་	གི་	PART
ལེགས་པ་	ལེགས་པ་	VERB
ར་	ལ་	PART
སྤྱོད་པ་	སྤྱོད་པ་	VERB
དང་	དང་	NO_POS
ལྡན་པ་	ལྡན་པ་	VERB
།		PUNCT
ཡིད་	ཡིད་	NOUN
ཀྱི་	གི་	PART
ལེགས་པ་	ལེགས་པ་	VERB
ར་	ལ་	PART
སྤྱོད་པ་	སྤྱོད་པ་	VERB
དང་	དང་	NO_POS
ལྡན་པ་	ལྡན་པ་	VERB
།		PUNCT
འཕགས་པ་	འཕགས་པ་	VERB
རྣམས་	རྣམས་	DET
ལ་	ལ་	PART
སྐུར་བ་	སྐུར་བ་	NOUN
མི་	མི་	PART
འདེབས་པ་	འདེབས་པ་	VERB
ཡང་དག་པ་	ཡང་དག་པ་	ADJ
ར་	ལ་	PART
ལྟ་བ་	ལྟ་བ་	VERB
ཅན་	ཅན་	PART
དག་	དག་	DET
སྟེ་	སྟེ་	PART
།		PUNCT
ཡང་དག་པ་	ཡང་དག་པ་	ADJ
ར་	ལ་	PART
ལྟ་བ་	ལྟ་བ་	VERB
འི་	གི་	PART
ལ་	ལ་	ADP
ས་	གིས་	PART
ཡང་དག་པ་	ཡང་དག་པ་	ADJ
ར་	ལ་	PART
བླངས་པ་	བླངས་པ་	VERB
འི་	གི་	PART
རྒྱུ་	རྒྱུ་	NOUN
ལུས་	ལུས་	NOUN
ཞིག་	ཅིག་	PART
སྟེ་	སྟེ་	PART
ཤི་བ་	ཤི་བ་	VERB
འི་	གི་	PART
འོག་	འོག་	NOUN
ཏུ་	ལ་	PART
བདེ་འགྲོ་	བདེ་འགྲོ་	NOUN
མཐོ་རིས་	མཐོ་རིས་	NOUN
ཀྱི་	གི་	PART
འཇིག་རྟེན་	འཇིག་རྟེན་	NOUN
དུ་	ལ་	PART
ལྷ་	ལྷ་	NOUN
རྣམས་	རྣམས་	DET
ཀྱི་	གི་	PART
ནང་	ནང་	NOUN
དུ་	ལ་	PART
སྐྱེ་	སྐྱེ་	NOUN
འོ་	གོ་	PART
ཞེ་	ཅེས་	PART
བྱ་བ་	བྱ་བ་	VERB
ར་	ལ་	PART
རབ་ཏུ་	རབ་ཏུ་	NO_POS
ཤེ་	ཤེ་	VERB
ཏེ་	སྟེ་	PART
།		PUNCT
དེ་ལྟ་	དེ་ལྟ་	NO_POS
ན་	ལ་	PART
ལྷ་	ལྷ་	NOUN
འི་	གི་	PART
མིག་	མིག་	NOUN
རྣམ་པ་	རྣམ་པ་	NOUN
ར་	ལ་	PART
དག་པ་	དག་པ་	VERB
མི་ལ་	མི་ལ་	PROPN
ས་	གིས་	PART
འདས་པ་	འདས་པ་	VERB
ས་	གིས་	PART
སེམས་ཅན་	སེམས་ཅན་	NOUN
འཆི་	འཆི་	VERB
འཕོ་བ་	འཕོ་བ་	VERB
དང་	དང་	NO_POS
སྐྱེ་བ་	སྐྱེ་བ་	VERB
དང་	དང་	NO_POS
མདོག་	མདོག་	NOUN
སྡུག་པ་	སྡུག་པ་	VERB
དང་	དང་	NO_POS
མདོག་	མདོག་	NOUN
མི་	མི་	PART
སྡུག་པ་	སྡུག་པ་	VERB
དང་	དང་	NO_POS
ཞེ་	ཅེས་	PART
བྱ་བ་	བྱ་བ་	VERB
ན་	ནས་	PART
ཐམས་ཅད་	ཐམས་ཅད་	DET
རྣམ་པ་	རྣམ་པ་	NOUN
དང་	དང་	NO_POS
བཅའ་	བཅའ་	VERB
དན་རྟགས་	དན་རྟགས་	OTHER
དང་	དང་	NO_POS
བཅའ་	བཅའ་	VERB
།		PUNCT
རྒྱུ་མཚན་	རྒྱུ་མཚན་	NOUN
དང་	དང་	NO_POS
བཅས་པ་	བཅས་པ་	VERB
ར་	ལ་	PART
མཐོང་	མཐོང་	VERB
སྟེ་	སྟེ་	PART
།		PUNCT
ལ་	ལ་	ADP
ས་	གིས་	PART
ཇི་ལྟ་བ་	ཇི་ལྟ་བ་	ADJ
བཞིན་	བཞིན་	NOUN
དུ་	ལ་	PART
ཉེ་བ་		
འགྲོ་བ་	འགྲོ་བ་	VERB
འི་	གི་	PART
སེམས་ཅན་	སེམས་ཅན་	NOUN
དག་	དག་	DET
ཀྱང་	ཀྱང་	PART
རབ་ཏུ་	རབ་ཏུ་	NO_POS
ཤེ་	ཤེ་	VERB
སོ་	གོ་	PART
། །		PUNCT
དེ་	སྟེ་	PART
བསམ་གཏན་	བསམ་གཏན་	NOUN
དང་	དང་	NO_POS
རྣམ་པ་	རྣམ་པ་	NOUN
ར་	ལ་	PART
ཐར་པ་	ཐར་པ་	VERB
དང་	དང་	NO_POS
ཏིང་ངེ་འཛིན་	ཏིང་ངེ་འཛིན་	NOUN
དང་	དང་	NO_POS
།		PUNCT
སྙོམས་པ་		
འཇུག་པ་	འཇུག་པ་	VERB
འདི་དག་	འདི་དག་	NO_POS
ལ་	ལ་	PART
སྙོམས་པ་		
འཇུག་	འཇུག་	VERB
ཅིང་	ཅིང་	PART
རྣམ་པ་	རྣམ་པ་	NOUN
ར་	ལ་	PART
ལྡང་	ལྡང་	NO_POS
ཡང་	ཀྱང་	PART
།		PUNCT
གང་དག་	གང་དག་	NO_POS
བྱང་ཆུབ་	བྱང་ཆུབ་	NOUN
ཀྱི་	གི་	PART
ཡན་ལག་	ཡན་ལག་	NOUN
ཡོངས་སུ་	ཡོངས་སུ་	NO_POS
རྫོགས་པ་	རྫོགས་པ་	VERB
ར་	ལ་	PART
འགྱུར་བ་	འགྱུར་བ་	VERB
ར་	ལ་	PART
མཐོང་བ་	མཐོང་བ་	VERB
དེ་	དེ་	DET
ར་	ལ་	PART
ཆེད་	ཆེད་	NOUN
དུ་	ལ་	PART
བསམས་	བསམས་	VERB
ཏེ་	སྟེ་	PART
སྨོན་ལམ་	སྨོན་ལམ་	NOUN
བཏབ་པ་	བཏབ་པ་	VERB
འི་	གི་	PART
དབང་	དབང་	NOUN
གིས་	གིས་	PART
སྐྱེས་པ་	སྐྱེས་པ་	VERB
མ་གཏོགས་པ་	མ་གཏོགས་པ་	NO_POS
ར་	ལ་	PART
དེ་དག་	དེ་དག་	OTHER
གི་	གི་	PART
དབང་	དབང་	NOUN
གིས་	གིས་	PART
མི་	མི་	PART
སྐྱེ་	སྐྱེ་	NOUN
འོ་	གོ་	PART
། །		PUNCT
དེ་	སྟེ་	PART
ཅིའི་ཕྱིར་	ཅིའི་ཕྱིར་	NO_POS
ཞེ་ན་	ཅེ་ན་	PART
།		PUNCT
འདི་ལྟར་	འདི་ལྟར་	NO_POS
བྱང་ཆུབ་	བྱང་ཆུབ་	NOUN
སེམས་དཔའ་	སེམས་དཔའ་	NOUN
དེ་	སྟེ་	PART
ཐབས་མཁས་པ་	ཐབས་མཁས་པ་	NO_POS
ས་	གིས་	PART
མངོན་པ་	མངོན་པ་	OTHER
བསྒྲུབས་པ་	བསྒྲུབས་པ་	VERB
འི་	གི་	PART
སེམས་	སེམས་	NOUN
ཀྱི་	གི་	PART
རྒྱུད་	རྒྱུད་	NOUN
དང་	དང་	NO_POS
ལྡན་པ་	ལྡན་པ་	VERB
འི་	གི་	PART
ཕྱི་	ཕྱི་	OTHER
རོ་	རོ་	NOUN
ཞེ་	ཅེས་	PART
བྱ་བ་	བྱ་བ་	VERB
འི་	གི་	PART
བ་	བ་	NOUN
དུ་	ལ་	PART
འགྱུར་	འགྱུར་	VERB
རོ་	རོ་	NOUN
། །		PUNCT
དེ་ལྟ་	དེ་ལྟ་	NO_POS
ན་	ལ་	PART
ས་	ས་	ADP
འདི་	འདི་	DET
ར་	ལ་	PART
བྱང་ཆུབ་	བྱང་ཆུབ་	NOUN
སེམས་དཔའ་	སེམས་དཔའ་	NOUN
ལ་	ལ་	ADP
ས་	གིས་	PART
བསམ་གཏན་	བསམ་གཏན་	NOUN
དང་	དང་	NO_POS
མངོན་པ་	མངོན་པ་	OTHER
ཤེས་པ་	ཤེས་པ་	VERB
འབྱུང་བ་	འབྱུང་བ་	VERB
ར་	ལ་	PART
འགྱུར་	འགྱུར་	VERB
རོ་	རོ་	NOUN
།།		PUNCT
ཅི་	ཅི་	NO_POS
ལྟ་	ལྟ་	OTHER
རྟག་	རྟག་	VERB
ཏུ་	ལ་	PART
འཇིག་རྟེན་	འཇིག་རྟེན་	NOUN
གྱི་	གི་	PART
འདོད་ཆགས་	འདོད་ཆགས་	NOUN
དང་	དང་	NO_POS
ཞེ་སྡང་	ཞེ་སྡང་	NOUN
ཡོངས་སུ་	ཡོངས་སུ་	NO_POS
ཟད་པ་		
འགྱུར་	འགྱུར་	VERB
ཞེ་ན་	ཅེ་ན་	PART
།		PUNCT
དང་	དང་	NO_POS
གི་	གི་	PART
སྒྲ་	སྒྲ་	NOUN
ས་	གིས་	PART
ནི་	ནི་	NO_POS
མ་	མ་	PART
སྨོས་པ་	སྨོས་པ་	VERB
བསྡུ་བ་	བསྡུ་བ་	VERB
ར་	ལ་	PART
བྱ་བ་	བྱ་བ་	VERB
འི་	གི་	PART
ཕྱི་	ཕྱི་	OTHER
ཏེ་	སྟེ་	PART
དེ་	དེ་	DET
འི་	གི་	PART
གཏི་མུག་	གཏི་མུག་	NOUN
ཀྱང་	ཀྱང་	PART
ཡོངས་སུ་	ཡོངས་སུ་	NO_POS
ཟད་པ་		
འགྱུར་	འགྱུར་	VERB
རོ་	རོ་	NOUN
། །		PUNCT
ཅི་	ཅི་	NO_POS
ལྟ་	ལྟ་	OTHER
ཞེ་ན་	ཅེ་ན་	PART
།		PUNCT
འདི་	འདི་	DET
ཡང་	ཀྱང་	PART
མདོ་	མདོ་	NOUN
ཇི་ལྟ་བ་	ཇི་ལྟ་བ་	ADJ
བཞིན་	བཞིན་	NOUN
ཏེ་	སྟེ་	PART
།		PUNCT
ཇི་སྐད་	ཇི་སྐད་	NO_POS
དུ་	ལ་	PART
།		PUNCT
དེ་	དེ་	DET
ས་	གིས་	PART
ཆོ་	ཆོ་	NOUN
ཐམས་ཅད་	ཐམས་ཅད་	DET
རྐྱེན་	རྐྱེན་	NOUN
ལ་	ལ་	PART
རྟོན་པ་	རྟོན་པ་	VERB
ཉིད་	ཉིད་	DET
ཡིན་པ་	ཡིན་པ་	AUX
ས་	གིས་	PART
འཕོ་བ་	འཕོ་བ་	VERB
མེད་པ་	མེད་པ་	VERB
ཉིད་	ཉིད་	DET
དང་	དང་	NO_POS
།		PUNCT
རྣམ་པ་	རྣམ་པ་	NOUN
ར་	ལ་	PART
འཇིག་པ་	འཇིག་པ་	VERB
མེད་པ་	མེད་པ་	VERB
ཉིད་	ཉིད་	DET
དུ་	ལ་	PART
རྟོགས་པ་	རྟོགས་པ་	VERB
ས་	གིས་	PART
དེ་བ་	དེ་བ་	OTHER
ས་	གིས་	PART
ཀྱང་	ཀྱང་	PART
ཤ་	ཤ་	DET
ཆེ་	ཆེ་	VERB
ར་	ལ་	PART
འདོད་པ་	འདོད་པ་	VERB
འི་	གི་	PART
འཆིང་བ་	འཆིང་བ་	VERB
ཐམས་ཅད་	ཐམས་ཅད་	DET
བསྲབས་པ་	བསྲབས་པ་	VERB
ར་	ལ་	PART
འགྱུར་	འགྱུར་	VERB
རོ་	རོ་	NOUN
། །		PUNCT
གཟུགས་	གཟུགས་	NOUN
ཀྱི་	གི་	PART
འཆིང་བ་	འཆིང་བ་	VERB
ཐམས་ཅད་	ཐམས་ཅད་	DET
དང་	དང་	NO_POS
སྲིད་པ་	སྲིད་པ་	VERB
འི་	གི་	PART
འཆིང་བ་	འཆིང་བ་	VERB
དང་	དང་	NO_POS
མ་རིག་པ་	མ་རིག་པ་	NOUN
འི་	གི་	PART
འཆིང་བ་	འཆིང་བ་	VERB
བསྲབས་པ་	བསྲབས་པ་	VERB
ར་	ལ་	PART
འགྱུར་	འགྱུར་	VERB
རོ་	རོ་	NOUN
། །		PUNCT
དེ་	དེ་	DET
འི་	གི་	PART
ལྟ་བ་	ལྟ་བ་	VERB
ར་	ལ་	PART
གྱུར་པ་	གྱུར་པ་	VERB
འི་	གི་	PART
འཆིང་བ་	འཆིང་བ་	VERB
རྣམས་	རྣམས་	DET
ནི་	ནི་	NO_POS
སྔ་	སྔ་	ADV
ན་	ནས་	PART
སྤངས་པ་	སྤངས་པ་	VERB
ཡིན་	ཡིན་	NO_POS
ནོ་	གོ་	PART
། །		PUNCT
བྱང་ཆུབ་	བྱང་ཆུབ་	NOUN
སེམས་དཔ་	སེམས་དཔའ་	NOUN
འི་	གི་	PART
ས་	ས་	ADP
འོད་བྱེད་པ་	འོད་བྱེད་པ་	NO_POS
འདི་	འདི་	DET
ལ་	ལ་	PART
གནས་པ་	གནས་པ་	VERB
བྱང་ཆུབ་	བྱང་ཆུབ་	NOUN
སེམས་དཔའ་	སེམས་དཔའ་	NOUN
དེ་	སྟེ་	PART
ནི་	ནི་	NO_POS
བསྐལ་པ་	བསྐལ་པ་	NOUN
བརྒྱ་	བརྒྱ་	NUM
ཕྲག་	ཕྲག་	NUM
དུ་མ་	དུ་མ་	ADJ
དང་	དང་	NO_POS
བསྐལ་པ་	བསྐལ་པ་	NOUN
སྟོང་ཕྲག་	སྟོང་ཕྲག་	OTHER
དུ་མ་	དུ་མ་	ADJ
དང་	དང་	NO_POS
།		PUNCT
བསྐལ་པ་	བསྐལ་པ་	NOUN
འབུམ་ཕྲག་	འབུམ་ཕྲག་	OTHER
དུ་མ་	དུ་མ་	ADJ
དང་	དང་	NO_POS
།		PUNCT
བསྐལ་པ་	བསྐལ་པ་	NOUN
བྱེ་བ་	བྱེ་བ་	NOUN
ཕྲག་	ཕྲག་	NUM
དུ་མ་	དུ་མ་	ADJ
ན་	ནས་	PART
བསྐལ་པ་	བསྐལ་པ་	NOUN
ཁྲག་ཁྲིག་	ཁྲག་ཁྲིག་	NUM
འབུམ་ཕྲག་	འབུམ་ཕྲག་	OTHER
དུ་མ་	དུ་མ་	ADJ
ར་	ལ་	PART
ལོག་པ་	ལོག་པ་	VERB
འི་	གི་	PART
འདོད་ཆགས་	འདོད་ཆགས་	NOUN
འགྲིབ་པ་	འགྲིབ་པ་	VERB
ར་	ལ་	PART
བྱ་བ་	བྱ་བ་	VERB
མ་ཡིན་པ་	མ་ཡིན་པ་	OTHER
སྤོང་བ་	སྤོང་བ་	VERB
ར་	ལ་	PART
འགྱུར་	འགྱུར་	VERB
རོ་	རོ་	NOUN
། །		PUNCT
ལོག་པ་	ལོག་པ་	VERB
འི་	གི་	PART
ཞེ་སྡང་	ཞེ་སྡང་	NOUN
འགྲིབ་པ་	འགྲིབ་པ་	VERB
ར་	ལ་	PART
བྱ་བ་	བྱ་བ་	VERB
མ་ཡིན་པ་	མ་ཡིན་པ་	OTHER
སྤོང་བ་	སྤོང་བ་	VERB
ར་	ལ་	PART
འགྱུར་	འགྱུར་	VERB
རོ་	རོ་	NOUN
། །		PUNCT
ལོག་པ་	ལོག་པ་	VERB
འི་	གི་	PART
གཏི་མུག་	གཏི་མུག་	NOUN
འགྲིབ་པ་	འགྲིབ་པ་	VERB
ར་	ལ་	PART
བྱ་བ་	བྱ་བ་	VERB
མ་ཡིན་པ་	མ་ཡིན་པ་	OTHER
སྤོང་བ་	སྤོང་བ་	VERB
ར་	ལ་	PART
འགྱུར་	འགྱུར་	VERB
རོ་	རོ་	NOUN
ཞེ་	ཅེས་	PART
གསུངས་པ་	གསུངས་པ་	VERB
ལྟ་བུ་	ལྟ་བུ་	NOUN
འོ་	གོ་	PART
། །		PUNCT
དེ་ལྟ་	དེ་ལྟ་	NO_POS
ན་	ལ་	PART
དེ་	དེ་	DET
འི་	གི་	PART
འདོད་ཆགས་	འདོད་ཆགས་	NOUN
དང་	དང་	NO_POS
ཞེ་སྡང་	ཞེ་སྡང་	NOUN
དང་	དང་	NO_POS
གཏི་མུག་	གཏི་མུག་	NOUN
ཡོངས་སུ་	ཡོངས་སུ་	NO_POS
ཟད་པ་		
འགྱུར་	འགྱུར་	VERB
རོ་	རོ་	NOUN
།།		PUNCT
དེ་	སྟེ་	PART
ཅི་	ཅི་	NO_POS
ལྟ་	ལྟ་	OTHER
རྟག་	རྟག་	VERB
ཏུ་	ལ་	PART
འཇིག་རྟེན་	འཇིག་རྟེན་	NOUN
གྱི་	གི་	PART
འདོད་པ་	འདོད་པ་	VERB
འི་	གི་	PART
འདོད་ཆགས་	འདོད་ཆགས་	NOUN
འཇོམས་པ་	འཇོམས་པ་	VERB
ར་	ལ་	PART
ནུས་པ་	ནུས་པ་	VERB
ར་	ལ་	PART
འགྱུར་	འགྱུར་	VERB
ཞེ་ན་	ཅེ་ན་	PART
།		PUNCT
ཇི་སྐད་	ཇི་སྐད་	NO_POS
དུ་	ལ་	PART
།		PUNCT
ཀྱེ་	ཀྱེ་	INTJ
རྒྱལ་བ་	རྒྱལ་བ་	NOUN
འི་	གི་	PART
སྲ་	སྲ་	NOUN
དག་	དག་	DET
འདི་	འདི་	DET
ནི་	ནི་	NO_POS
བྱང་ཆུབ་	བྱང་ཆུབ་	NOUN
སེམས་དཔ་	སེམས་དཔའ་	NOUN
འི་	གི་	PART
ས་	ས་	ADP
གསུམ་པ་	གསུམ་པ་	NUM
འོད་བྱེད་པ་	འོད་བྱེད་པ་	NO_POS
ཞེ་	ཅེས་	PART
བྱ་བ་	བྱ་བ་	VERB
མདོ་	མདོ་	NOUN
ར་	ལ་	PART
བསྟན་པ་	བསྟན་པ་	VERB
འོ་	གོ་	PART
། །		PUNCT
དེ་	སྟེ་	PART
ལ་	ལ་	PART
གནས་པ་	གནས་པ་	VERB
འི་	གི་	PART
བྱང་ཆུབ་	བྱང་ཆུབ་	NOUN
སེམས་དཔའ་	སེམས་དཔའ་	NOUN
ནི་	ནི་	NO_POS
ཕལ་ཆེ་		
ལྷ་	ལྷ་	NOUN
འི་	གི་	PART
རྒྱལ་པོ་	རྒྱལ་པོ་	NOUN
ལྷ་	ལྷ་	NOUN
འི་	གི་	PART
བདག་པོ་	བདག་པོ་	NOUN
དབང་པོ་	དབང་པོ་	NOUN
ར་	ལ་	PART
གྱུར་	གྱུར་	VERB
ཏེ་	སྟེ་	PART
།		PUNCT
སེམས་ཅན་	སེམས་ཅན་	NOUN
རྣམས་	རྣམས་	DET
ཀྱི་	གི་	PART
འདོད་པ་	འདོད་པ་	VERB
ལ་	ལ་	PART
འདོད་ཆགས་	འདོད་ཆགས་	NOUN
རྣམ་པ་	རྣམ་པ་	NOUN
ར་	ལ་	PART
བཟློག་པ་	བཟློག་པ་	VERB
འི་	གི་	PART
ཐབས་	ཐབས་	NOUN
བསྒྲུབ་པ་	བསྒྲུབ་པ་	VERB
ལ་	ལ་	PART
བྱང་བ་	བྱང་བ་	VERB
དང་	དང་	NO_POS
།		PUNCT
གཙོ་བོ་	གཙོ་བོ་	ADJ
ཡིན་	ཡིན་	NO_POS
ཞིང་	ཅིང་	PART
སེམས་ཅན་	སེམས་ཅན་	NOUN
རྣམས་	རྣམས་	DET
འདོད་པ་	འདོད་པ་	VERB
འི་	གི་	PART
འདམ་	འདམ་	NO_POS
ན་	ནས་	PART
འདོན་པ་	འདོན་པ་	VERB
ལ་	ལ་	PART
མཁས་པ་	མཁས་པ་	VERB
ཡིན་	ཡིན་	NO_POS
ནོ་	གོ་	PART
། །		PUNCT
ཞེ་	ཅེས་	PART
གསུངས་པ་	གསུངས་པ་	VERB
ལྟ་བུ་	ལྟ་བུ་	NOUN
འོ་	གོ་	PART
། །		PUNCT
དེ་ལྟ་	དེ་ལྟ་	NO_POS
རྒྱལ་བ་	རྒྱལ་བ་	NOUN
འི་	གི་	PART
སྲས་པོ་	སྲས་པོ་	NOUN
དེ་	སྟེ་	PART
ནི་	ནི་	NO_POS
འཇིག་རྟེན་	འཇིག་རྟེན་	NOUN
གྱི་	གི་	PART
འདོད་པ་	འདོད་པ་	VERB
འི་	གི་	PART
འདོད་ཆགས་	འདོད་ཆགས་	NOUN
འཇོམས་པ་	འཇོམས་པ་	VERB
ར་	ལ་	PART
ནུས་པ་	ནུས་པ་	VERB
ར་	ལ་	PART
འགྱུར་	འགྱུར་	VERB
རོ་	རོ་	NOUN
།།		PUNCT
		
གསུམ་	གསུམ་	NUM
པ་ཕ་	པ་ཕ་	NO_POS
ར་	ལ་	PART
ཕྱིན་	ཕྱིན་	VERB
གྱི་	གི་	PART
རྟེན་	རྟེན་	NOUN
དང་	དང་	NO_POS
ཚོགས་	ཚོགས་	NOUN
དང་	དང་	NO_POS
འབྲས་བུ་	འབྲས་བུ་	NOUN
འི་	གི་	PART
རྣམ་གཞག་	རྣམ་གཞག་	NOUN
གཞན་	གཞན་	DET
བསྟན་པ་	བསྟན་པ་	VERB
ནི་	ནི་	NO_POS
།		PUNCT
		
དེ་ལྟ་	དེ་ལྟ་	NO_POS
ན་	ལ་	PART
བྱང་ཆུབ་	བྱང་ཆུབ་	NOUN
སེམས་དཔའ་	སེམས་དཔའ་	NOUN
འདི་	འདི་	DET
ས་	གིས་	PART
བྱང་ཆུབ་	བྱང་ཆུབ་	NOUN
སེམས་དཔ་	སེམས་དཔའ་	NOUN
འི་	གི་	PART
ས་	ས་	ADP
གསུམ་པ་	གསུམ་པ་	NUM
ར་	ལ་	PART
།		PUNCT
བཟོད་པ་	བཟོད་པ་	VERB
འི་	གི་	PART
ཕ་རོལ་	ཕ་རོལ་	NOUN
ཏུ་	ལ་	PART
ཕྱིན་པ་	ཕྱིན་པ་	VERB
རྣམ་པ་	རྣམ་པ་	NOUN
ར་	ལ་	PART
དག་པ་	དག་པ་	VERB
དང་	དང་	NO_POS
།		PUNCT
བསམ་གཏན་	བསམ་གཏན་	NOUN
དང་	དང་	NO_POS
།		PUNCT
ཚད་	ཚད་	NOUN
མེད་པ་	མེད་པ་	VERB
དང་	དང་	NO_POS
།		PUNCT
སྙོམས་པ་		
འཇུག་པ་	འཇུག་པ་	VERB
དང་	དང་	NO_POS
།		PUNCT
མངོན་པ་	མངོན་པ་	OTHER
ཤེས་པ་	ཤེས་པ་	VERB
དང་	དང་	NO_POS
།		PUNCT
འདོད་ཆགས་	འདོད་ཆགས་	NOUN
ལ་སོགས་པ་	ལ་སོགས་པ་	NO_POS
ཡོངས་སུ་	ཡོངས་སུ་	NO_POS
ཟད་པ་	ཟད་པ་	VERB
གདོན་	གདོན་	NOUN
མི་	མི་	PART
ཟ་བ་	ཟ་བ་	VERB
ར་	ལ་	PART
ཐོབ་པ་	ཐོབ་པ་	VERB
ར་	ལ་	PART
འགྱུར་	འགྱུར་	VERB
རོ་	རོ་	NOUN
ཞེ་	ཅེས་	PART
བསྟན་	བསྟན་	VERB
ན་	ནས་	PART
།		PUNCT
ད་ནི་	ད་ནི་	NO_POS
བཟོད་པ་	བཟོད་པ་	VERB
འི་	གི་	PART
ཕ་རོལ་	ཕ་རོལ་	NOUN
ཏུ་	ལ་	PART
ཕྱིན་པ་	ཕྱིན་པ་	VERB
ལ་	ལ་	PART
ཐུག་པ་	ཐུག་པ་	VERB
ཕ་རོལ་	ཕ་རོལ་	NOUN
ཏུ་	ལ་	PART
ཕྱིན་པ་	ཕྱིན་པ་	VERB
གསུམ་	གསུམ་	NUM
གྱི་	གི་	PART
རྟེན་	རྟེན་	NOUN
གྱི་	གི་	PART
ཁྱད་པར་	ཁྱད་པར་	NOUN
དང་	དང་	NO_POS
།		PUNCT
ཚོགས་	ཚོགས་	NOUN
ཀྱི་	གི་	PART
རང་བཞིན་	རང་བཞིན་	NOUN
དང་	དང་	NO_POS
།		PUNCT
འབྲས་བུ་	འབྲས་བུ་	NOUN
ཡོངས་སུ་	ཡོངས་སུ་	NO_POS
གྲུབ་པ་	གྲུབ་པ་	VERB
རྣམ་པ་	རྣམ་པ་	NOUN
ར་	ལ་	PART
གཞག་པ་	གཞག་པ་	VERB
གསལ་བ་	གསལ་བ་	VERB
ར་	ལ་	PART
བྱ་བ་	བྱ་བ་	VERB
འི་	གི་	PART
ཕྱི་	ཕྱི་	OTHER
།		PUNCT
བཤད་པ་	བཤད་པ་	VERB
།		PUNCT
སྦྱིན་	སྦྱིན་	VERB
སོགས་	སོགས་	DET
ཆོ་	ཆོ་	NOUN
གསུམ་	གསུམ་	NUM
དེ་དག་	དེ་དག་	OTHER
ཕལ་	ཕལ་	NOUN
མོ་	གོ་	PART
ཆེ་	ཆེ་	VERB
ར་	ལ་	PART
།།		PUNCT
བདེ་བ་	བདེ་བ་	VERB
ར་	ལ་	PART
གཤེགས་པ་	གཤེགས་པ་	VERB
ས་	གིས་	PART
ཁྱིམ་པ་	ཁྱིམ་པ་	NOUN
རྣམས་	རྣམས་	DET
ལ་	ལ་	PART
བསྔགས་	བསྔགས་	VERB
།།		PUNCT
བསོད་ནམས་	བསོད་ནམས་	NOUN
ཞེ་	ཅེས་	PART
བྱ་	བྱ་	VERB
འི་	གི་	PART
ཚོགས་	ཚོགས་	NOUN
ཀྱང་	ཀྱང་	PART
དེ་དག་	དེ་དག་	OTHER
ཉིད་	ཉིད་	DET
།།		PUNCT
སངས་རྒྱས་	སངས་རྒྱས་	NOUN
གཟུགས་	གཟུགས་	NOUN
ཀྱི་	གི་	PART
བདག་ཉིད་	བདག་ཉིད་	NOUN
སྐུ་	སྐུ་	NOUN
ཡི་	གི་	PART
རྒྱུ་	རྒྱུ་	NOUN
།།		PUNCT
		
བྱང་ཆུབ་	བྱང་ཆུབ་	NOUN
སེམས་དཔའ་	སེམས་དཔའ་	NOUN
རྣམས་	རྣམས་	DET
ཁོ་ན་	ཁོ་ན་	DET
ཇི་སྐད་	ཇི་སྐད་	NO_POS
བཤད་པ་	བཤད་པ་	VERB
འི་	གི་	PART
སྦྱིན་པ་	སྦྱིན་པ་	VERB
ལ་སོགས་པ་	ལ་སོགས་པ་	NO_POS
འི་	གི་	PART
རྟེན་	རྟེན་	NOUN
ཡིན་མོད་	ཡིན་མོད་	NO_POS
ཀྱི་	གི་	PART
།		PUNCT
དེ་ལྟ་ན་	དེ་ལྟ་ན་	NO_POS
ཡང་	ཀྱང་	PART
ཁྱིམ་པ་	ཁྱིམ་པ་	NOUN
དང་	དང་	NO_POS
།		PUNCT
རབ་ཏུ་	རབ་ཏུ་	NO_POS
བྱུང་བ་	བྱུང་བ་	VERB
འི་	གི་	PART
དབྱེ་བ་	དབྱེ་བ་	VERB
ས་	གིས་	PART
དེ་	སྟེ་	PART
རྣམས་	རྣམས་	DET
ལ་	ལ་	PART
གཉིས་	གཉིས་	NUM
སྲིད་པ་	སྲིད་པ་	VERB
ལ་	ལ་	PART
ལྟོ་	ལྟོ་	VERB
ན་	ནས་	PART
དེ་སྐད་	དེ་སྐད་	NO_POS
དུ་	ལ་	PART
བརྗོད་	བརྗོད་	VERB
དོ་	གོ་	PART
། །		PUNCT
དེ་	སྟེ་	PART
ལ་	ལ་	PART
ཁྱིམ་པ་	ཁྱིམ་པ་	NOUN
རྣམས་	རྣམས་	DET
ལ་	ལ་	PART
ནི་	ནི་	NO_POS
ཕལ་ཆེ་		
སྦྱིན་པ་	སྦྱིན་པ་	VERB
ལ་སོགས་པ་	ལ་སོགས་པ་	NO_POS
འི་	གི་	PART
ཆོ་	ཆོ་	NOUN
གསུམ་པོ་	གསུམ་པོ་	NUM
དེ་དག་	དེ་དག་	OTHER
སྒྲུབ་པ་	སྒྲུབ་པ་	VERB
ར་	ལ་	PART
སླ་	སླ་	VERB
ལ་	ལ་	PART
།		PUNCT
རབ་ཏུ་	རབ་ཏུ་	NO_POS
བྱུང་བ་	བྱུང་བ་	VERB
རྣམས་	རྣམས་	DET
ལ་	ལ་	PART
ནི་	ནི་	NO_POS
བརྩོན་འགྲུས་	བརྩོན་འགྲུས་	NOUN
དང་	དང་	NO_POS
།		PUNCT
བསམ་གཏན་	བསམ་གཏན་	NOUN
དང་	དང་	NO_POS
།		PUNCT
ཤེས་རབ་	ཤེས་རབ་	NOUN
ཡིན་	ཡིན་	NO_POS
ཏེ་	སྟེ་	PART
ཅིག་ཤོས་	ཅིག་ཤོས་	DET
དག་	དག་	DET
ལ་	ལ་	PART
གཅིག་	གཅིག་	NUM
མི་	མི་	PART
སྲིད་པ་	སྲིད་པ་	VERB
ནི་	ནི་	NO_POS
མ་	མ་	PART
ཡིན་	ཡིན་	NO_POS
ནོ་	གོ་	PART
། །		PUNCT
སངས་རྒྱས་	སངས་རྒྱས་	NOUN
ཉིད་	ཉིད་	DET
ཀྱི་	གི་	PART
རྒྱུ་	རྒྱུ་	NOUN
འི་	གི་	PART
ཚོགས་	ཚོགས་	NOUN
ནི་	ནི་	NO_POS
གཉིས་	གཉིས་	NUM
ཡིན་	ཡིན་	NO_POS
ཏེ་	སྟེ་	PART
།		PUNCT
གང་	གང་	NO_POS
འདི་	འདི་	DET
བསོད་ནམས་	བསོད་ནམས་	NOUN
ཀྱི་	གི་	PART
ཚོགས་	ཚོགས་	NOUN
དང་	དང་	NO_POS
།		PUNCT
ཡེ་ཤེས་	ཡེ་ཤེས་	NOUN
ཀྱི་	གི་	PART
ཚོགས་	ཚོགས་	NOUN
སོ་	གོ་	PART
།།		PUNCT
དེ་	སྟེ་	PART
ལ་	ལ་	PART
བསོད་ནམས་	བསོད་ནམས་	NOUN
ཀྱི་	གི་	PART
ཚོགས་	ཚོགས་	NOUN
ནི་	ནི་	NO_POS
ཕ་རོལ་	ཕ་རོལ་	NOUN
ཏུ་	ལ་	PART
ཕྱིན་པ་	ཕྱིན་པ་	VERB
གསུམ་པོ་	གསུམ་པོ་	NUM
དེ་དག་	དེ་དག་	OTHER
ཉིད་	ཉིད་	DET
ཡིན་	ཡིན་	NO_POS
ལ་	ལ་	PART
ཡེ་ཤེས་	ཡེ་ཤེས་	NOUN
ཀྱི་	གི་	PART
ཚོགས་	ཚོགས་	NOUN
ནི་	ནི་	NO_POS
བསམ་གཏན་	བསམ་གཏན་	NOUN
དང་	དང་	NO_POS
ཤེས་རབ་བོ་	ཤེས་རབ་བོ་	NOUN
། །		PUNCT
བརྩོན་འགྲུས་	བརྩོན་འགྲུས་	NOUN
ནི་	ནི་	NO_POS
གཉིས་ཀ་	གཉིས་ཀ་	OTHER
འི་	གི་	PART
རྒྱུ་	རྒྱུ་	NOUN
ཡིན་	ཡིན་	NO_POS
ནོ་	གོ་	PART
ཞེ་	ཅེས་	PART
བྱ་བ་	བྱ་བ་	VERB
ར་	ལ་	PART
རྣམ་པ་	རྣམ་པ་	NOUN
ར་	ལ་	PART
གཞག་	གཞག་	VERB
གོ་	གོ་	PART
།		PUNCT
དེ་	སྟེ་	PART
ལ་	ལ་	PART
བསོད་ནམས་	བསོད་ནམས་	NOUN
ཀྱི་	གི་	PART
ཚོགས་	ཚོགས་	NOUN
གང་ཡིན་པ་	གང་ཡིན་པ་	NO_POS
དེ་	སྟེ་	PART
ནི་	ནི་	NO_POS
རྫོགས་པ་	རྫོགས་པ་	VERB
འི་	གི་	PART
སངས་རྒྱས་	སངས་རྒྱས་	NOUN
བཅོམ་ལྡན་འདས་	བཅོམ་ལྡན་འདས་	NOUN
རྣམས་	རྣམས་	DET
ཀྱི་	གི་	PART
གཟུགས་	གཟུགས་	NOUN
ཀྱི་	གི་	PART
སྐུ་བསོད་	སྐུ་བསོད་	NOUN
ནམས་		NON_WORD
བརྒྱ་	བརྒྱ་	NUM
འི་	གི་	PART
མཚན་ཉིད་	མཚན་ཉིད་	NOUN
ཅན་	ཅན་	PART
རྨད་	རྨད་	VERB
དུ་	ལ་	PART
བྱུང་	བྱུང་	VERB
ཞིང་	ཅིང་	PART
བསམ་	བསམ་	NOUN
གྱིས་	གིས་	PART
མི་	མི་	PART
ཁྱབ་པ་	ཁྱབ་པ་	VERB
འི་	གི་	PART
གཟུགས་	གཟུགས་	NOUN
སྣ་ཚོགས་	སྣ་ཚོགས་	DET
དང་	དང་	NO_POS
ལྡན་པ་	ལྡན་པ་	VERB
འི་	གི་	PART
རྒྱུ་	རྒྱུ་	NOUN
ཡིན་	ཡིན་	NO_POS
ནོ་	གོ་	PART
"།

།"		PUNCT
ཆོ་	ཆོ་	NOUN
ཀྱི་	གི་	PART
བདག་ཉིད་	བདག་ཉིད་	NOUN
ཅན་	ཅན་	PART
གྱི་	གི་	PART
སྐུ་སྐྱེ་བ་	སྐུ་སྐྱེ་བ་	PROPN
མེད་པ་	མེད་པ་	VERB
འི་	གི་	PART
མཚན་ཉིད་	མཚན་ཉིད་	NOUN
ཅན་	ཅན་	PART
གྱི་	གི་	PART
རྒྱུ་	རྒྱུ་	NOUN
ནི་	ནི་	NO_POS
ཡེ་ཤེས་	ཡེ་ཤེས་	NOUN
ཀྱི་	གི་	PART
ཚོགས་	ཚོགས་	NOUN
ཡིན་	ཡིན་	NO_POS
ནོ་	གོ་	PART
།།		PUNCT
		
གསུམ་པ་	གསུམ་པ་	NUM
ས་	ས་	ADP
འི་	གི་	PART
ཡོན་ཏན་	ཡོན་ཏན་	NOUN
བརྗོད་	བརྗོད་	VERB
དེ་	སྟེ་	PART
མཇུག་	མཇུག་	NOUN
བསྡུ་བ་	བསྡུ་བ་	VERB
ནི་	ནི་	NO_POS
།		PUNCT
		
ད་ནི་	ད་ནི་	NO_POS
རྟེན་	རྟེན་	NOUN
ལ་སོགས་པ་	ལ་སོགས་པ་	NO_POS
འི་	གི་	PART
ཆེ་བ་	ཆེ་བ་	VERB
འི་	གི་	PART
བདག་ཉིད་	བདག་ཉིད་	NOUN
ཀྱིས་	གིས་	PART
བདག་ཉིད་	བདག་ཉིད་	NOUN
ཆེ་བ་	ཆེ་བ་	VERB
ར་	ལ་	PART
བརྗོད་	བརྗོད་	VERB
ན་	ནས་	PART
བྱང་ཆུབ་	བྱང་ཆུབ་	NOUN
སེམས་དཔ་	སེམས་དཔའ་	NOUN
འི་	གི་	PART
ས་	ས་	ADP
གསུམ་པ་	གསུམ་པ་	NUM
འི་	གི་	PART
སྐབས་	སྐབས་	NOUN
རྫོགས་པ་	རྫོགས་པ་	VERB
ར་	ལ་	PART
བཤད་པ་	བཤད་པ་	VERB
།		PUNCT
རྒྱལ་བ་	རྒྱལ་བ་	NOUN
འི་	གི་	PART
སྲས་པོ་	སྲས་པོ་	NOUN
ཉི་མ་	ཉི་མ་	NOUN
ལ་	ལ་	PART
གནས་	གནས་	NOUN
འོད་བྱེད་	འོད་བྱེད་	NO_POS
འདི་	འདི་	DET
།།		PUNCT
རང་	རང་	PRON
གཏོགས་	གཏོགས་	VERB
མུན་	མུན་	NOUN
རྣམས་	རྣམས་	DET
དང་པོ་	དང་པོ་	ADJ
ཡང་དག་	ཡང་དག་	ADJ
བསལ་	བསལ་	VERB
བྱ་	བྱ་	VERB
ན་	ནས་	PART
།།		PUNCT
འགྲོ་བ་	འགྲོ་བ་	VERB
འི་	གི་	PART
མུན་པ་	མུན་པ་	NOUN
རྣམ་པ་	རྣམ་པ་	NOUN
ར་	ལ་	PART
འཇོམས་པ་	འཇོམས་པ་	VERB
ར་	ལ་	PART
མངོན་པ་	མངོན་པ་	OTHER
འདོད་	འདོད་	VERB
།།		PUNCT
ས་	ས་	ADP
འོད་བྱེད་པ་	འོད་བྱེད་པ་	NO_POS
བདེ་བ་	བདེ་བ་	VERB
ར་	ལ་	PART
གཤེགས་པ་	གཤེགས་པ་	VERB
འི་	གི་	PART
སྲ་	སྲ་	NOUN
ཀྱི་	གི་	PART
ཉི་མ་	ཉི་མ་	NOUN
ལ་	ལ་	PART
གནས་པ་	གནས་པ་	VERB
འདི་	འདི་	DET
ནི་	ནི་	NO_POS
རང་	རང་	PRON
གི་	གི་	PART
རྟེན་	རྟེན་	NOUN
ལ་	ལ་	PART
ཡོད་པ་	ཡོད་པ་	VERB
འི་	གི་	PART
མི་	མི་	PART
ཤེས་པ་	ཤེས་པ་	VERB
བདག་ཉིད་	བདག་ཉིད་	NOUN
འབྱུང་བ་	འབྱུང་བ་	VERB
འི་	གི་	PART
གེགས་	གེགས་	NOUN
སུ་	ལ་	PART
གྱུར་པ་	གྱུར་པ་	VERB
ནི་	ནི་	NO_POS
སྐྱེ་	སྐྱེ་	NOUN
བཞིན་པ་	བཞིན་པ་	NOUN
འི་	གི་	PART
གནས་སྐབས་	གནས་སྐབས་	NOUN
ཉིད་	ཉིད་	DET
དུ་	ལ་	PART
བསལ་	བསལ་	VERB
ན་	ནས་	PART
།		PUNCT
རྣམ་པ་	རྣམ་པ་	NOUN
དེ་ལྟ་	དེ་ལྟ་	NO_POS
བུ་	བུ་	NOUN
ཉེ་བ་		
བསྟན་པ་	བསྟན་པ་	VERB
ལ་	ལ་	ADP
ས་	གིས་	PART
དེ་ལས་	དེ་ལས་	NO_POS
གཞན་པ་	གཞན་པ་	DET
རྣམས་	རྣམས་	DET
ཀྱིས་	གིས་	PART
གསུམ་པ་	གསུམ་པ་	NUM
འབྱུང་བ་	འབྱུང་བ་	VERB
འི་	གི་	PART
གེགས་བྱེད་པ་	གེགས་བྱེད་པ་	NO_POS
འི་	གི་	PART
མུན་པ་	མུན་པ་	NOUN
འཇོམས་པ་	འཇོམས་པ་	VERB
ར་	ལ་	PART
འདོད་པ་	འདོད་པ་	VERB
ཡིན་	ཡིན་	NO_POS
ནོ་	གོ་	PART
། །		PUNCT
བྱང་ཆུབ་	བྱང་ཆུབ་	NOUN
སེམས་དཔའ་	སེམས་དཔའ་	NOUN
དེ་	སྟེ་	PART
ནི་	ནི་	NO_POS
།		PUNCT
ས་	ས་	ADP
འདི་	འདི་	DET
ར་	ལ་	PART
ཤིན་ཏུ་	ཤིན་ཏུ་	NO_POS
རྣོ་བ་	རྣོ་བ་	VERB
ར་	ལ་	PART
གྱུར་	གྱུར་	VERB
ཀྱང་	ཀྱང་	PART
ཁྲོ་	ཁྲོ་	VERB
མི་	མི་	PART
འགྱུར་	འགྱུར་	VERB
།།		PUNCT
		
དེ་	སྟེ་	PART
ནི་	ནི་	NO_POS
ཉེས་པ་	ཉེས་པ་	VERB
འི་	གི་	PART
མུན་པ་	མུན་པ་	NOUN
ཡོན་ཏན་	ཡོན་ཏན་	NOUN
འཇོམས་པ་	འཇོམས་པ་	VERB
ར་	ལ་	PART
བྱེད་པ་	བྱེད་པ་	VERB
བཅོམ་པ་	བཅོམ་པ་	VERB
ས་	གིས་	PART
ཉི་མ་	ཉི་མ་	NOUN
ལྟ་	ལྟ་	OTHER
ཆེ་	ཆེ་	VERB
རྣོ་བ་	རྣོ་བ་	VERB
ར་	ལ་	PART
འཇུག་	འཇུག་	VERB
ཏུ་	ལ་	PART
ཟིན་	ཟིན་	VERB
ཀྱང་	ཀྱང་	PART
སྐྱོན་	སྐྱོན་	NOUN
དང་	དང་	NO_POS
ལྡན་པ་	ལྡན་པ་	VERB
འི་	གི་	PART
སྐྱེ་བོ་	སྐྱེ་བོ་	NOUN
ལ་	ལ་	PART
འཁྲུག་པ་	འཁྲུག་པ་	VERB
ར་	ལ་	PART
མི་	མི་	PART
འགྱུར་	འགྱུར་	VERB
ཏེ་	སྟེ་	PART
།		PUNCT
བཟོད་པ་	བཟོད་པ་	VERB
ལ་	ལ་	PART
ཆེ་	ཆེ་	VERB
ལྷག་པ་		
གོམས་པ་	གོམས་པ་	VERB
འི་	གི་	PART
ཕྱི་	ཕྱི་	OTHER
དང་	དང་	NO_POS
སྙིང་རྗེ་	སྙིང་རྗེ་	NOUN
ས་	གིས་	PART
རྒྱུད་	རྒྱུད་	NOUN
སྣུམ་པ་	སྣུམ་པ་	NO_POS
བྱས་པ་	བྱས་པ་	VERB
འི་	གི་	PART
ཕྱི་	ཕྱི་	OTHER
རོ་	རོ་	NOUN
། །		PUNCT
དབུ་མ་	དབུ་མ་	PROPN
ལ་	ལ་	PART
འཇུག་པ་	འཇུག་པ་	VERB
འི་	གི་	PART
བཤད་པ་	བཤད་པ་	VERB
ལ་	ལ་	ADP
ས་	གིས་	PART
།		PUNCT
སེམས་བསྐྱེད་པ་	སེམས་བསྐྱེད་པ་	NOUN
གསུམ་པ་	གསུམ་པ་	NUM
འོ་	གོ་	PART
།། །།		PUNCT
		
མ་དཔེ་	མ་དཔེ་	OTHER
ར་	ལ་	PART
སྒྲ་	སྒྲ་	NOUN
གསལ་	གསལ་	VERB
ཡང་	ཀྱང་	PART
དགྲ་	དགྲ་	NOUN
ཡིན་	ཡིན་	NO_POS
ནམ་	གམ་	PART
སྙམ་	སྙམ་	VERB
སྟེ་	སྟེ་	PART
བཅོ་	བཅོ་	NUM
ས་	གིས་	PART
།		PUNCT
